date,cash,positions_value,nav,n_positions,exposure,regime,1306.T,1321.T
2020-07-01,1000000,0,1000000,0,0.0,0,100.0,100.0
2020-07-02,1000000,0,1000000,0,0.0,0,100.3707,100.1738
2020-07-03,1000000,0,1000000,0,0.0,0,100.8648,100.9122
2020-07-06,1000000,0,1000000,0,0.0,1,102.4707,102.6499
2020-07-07,80,1013732,1013812,10,0.9999,1,102.1001,100.5213
2020-07-08,80,1009732,1009812,10,0.9999,0,101.1736,101.6215
2020-07-09,80,1014584,1014664,10,0.9999,0,99.0735,102.0633
2020-07-10,80,1009398,1009478,10,0.9999,0,99.8239,101.0029
2020-07-13,80,1017646,1017726,10,0.9999,1,102.2202,102.9469
2020-07-14,80,1002676,1002756,10,0.9999,0,101.6527,102.24
2020-07-15,80,1008157,1008237,10,0.9999,1,103.1661,103.7423
2020-07-16,80,976650,976729,10,0.9999,1,102.5986,103.0353
2020-07-17,66709,914461,981170,9,0.932,1,102.2202,102.6377
2020-07-20,1126,987146,988272,10,0.9989,1,102.3464,102.726
2020-07-21,1126,1009263,1010389,10,0.9989,1,102.8508,103.5213
2020-07-22,1126,1007348,1008474,10,0.9989,1,102.0941,102.9469
2020-07-27,1126,993178,994304,10,0.9989,1,102.4725,102.7702
2020-07-28,102564,896798,999362,9,0.8974,0,101.968,102.6377
2020-07-29,102564,895522,998086,9,0.8972,0,100.5807,101.4005
2020-07-30,102564,898110,1000674,9,0.8975,0,99.9501,101.1354
2020-07-31,102564,873338,975902,9,0.8949,0,97.2385,98.3961
2020-08-03,392101,605065,997167,6,0.6068,0,98.7519,100.296
2020-08-04,392101,604146,996248,6,0.6064,0,100.959,102.1075
2020-08-05,392101,604171,996273,6,0.6064,0,100.896,101.7982
2020-08-06,392101,601776,993878,6,0.6055,0,100.6437,101.3564
2020-08-07,504831,483689,988520,5,0.4893,0,100.5807,101.0029
2020-08-11,504831,488979,993810,5,0.492,1,103.1031,102.8586
2020-08-12,3464,990058,993522,10,0.9965,1,104.2381,103.3004
2020-08-13,118556,894173,1012730,9,0.8829,1,105.5624,105.1561
2020-08-14,29292,994736,1024028,10,0.9714,1,105.3733,105.2445
2020-08-17,29292,985574,1014866,10,0.9711,1,104.4904,104.4934
2020-08-18,29292,989567,1018858,10,0.9713,1,104.5534,104.2724
2020-08-19,29292,990920,1020212,10,0.9713,1,104.8057,104.6259
2020-08-20,29292,975205,1004497,10,0.9708,1,103.7336,103.5213
2020-08-21,115325,896090,1011416,10,0.886,1,104.2381,103.8748
2020-08-24,115325,903192,1018517,10,0.8868,1,104.4274,103.9632
2020-08-25,115325,902952,1018278,10,0.8867,1,105.3733,105.2887
2020-08-26,115325,900214,1015539,10,0.8864,1,105.4994,105.2445
2020-08-27,115325,901740,1017066,10,0.8866,1,104.8057,104.9352
2020-08-28,115325,880894,996220,10,0.8842,1,104.049,103.6097
2020-08-31,85155,919211,1004366,10,0.9152,1,104.6796,104.7143
2020-09-01,85155,923375,1008530,10,0.9156,1,104.8688,104.7143
2020-09-02,137259,886735,1023994,10,0.866,1,105.4363,105.1561
2020-09-03,137259,887347,1024605,10,0.866,1,105.8147,106.1723
2020-09-04,137259,864787,1002046,10,0.863,1,104.9318,104.9794
2020-09-07,137259,856787,994046,10,0.8619,1,104.5534,104.5376
2020-09-08,137259,854016,991274,10,0.8615,1,105.3101,105.2445
2020-09-09,240798,742205,983003,9,0.755,1,104.112,104.2282
2020-09-10,128565,858790,987354,9,0.8698,1,105.4994,105.0677
2020-09-11,18886,973123,992010,10,0.981,1,106.3192,105.8189
2020-09-14,150782,838295,989077,9,0.8476,1,107.1389,106.57
2020-09-15,63280,929626,992907,10,0.9363,1,106.4453,105.9956
2020-09-16,63280,936703,999983,10,0.9367,1,106.7605,106.1281
2020-09-17,63280,932892,996172,10,0.9365,1,106.3822,105.5538
2020-09-18,63280,934427,997707,10,0.9366,1,106.8236,105.7305
2020-09-23,63280,935855,999136,10,0.9367,1,106.6975,105.6863
2020-09-24,63280,924706,987986,10,0.936,1,105.6885,104.4492
2020-09-25,63280,926216,989496,10,0.936,1,106.1299,104.9794
2020-09-28,63280,933397,996677,10,0.9365,1,108.0217,106.3049
2020-09-29,63280,950905,1014185,10,0.9376,1,108.6523,107.1002
2020-09-30,63280,942970,1006250,10,0.9371,1,106.3192,105.5096
2020-10-02,63280,932387,995667,10,0.9364,1,105.3733,104.7585
2020-10-05,157122,847892,1005014,9,0.8437,1,107.1389,105.9956
2020-10-06,39551,962031,1001582,10,0.9605,1,107.7064,106.57
2020-10-07,32384,976345,1008730,10,0.9679,1,107.8325,106.4816
2020-10-08,32384,994477,1026862,10,0.9685,1,108.4001,107.542
2020-10-09,32384,990232,1022617,10,0.9683,1,107.7064,107.3653
2020-10-12,32384,993720,1026104,10,0.9684,1,107.5173,107.2769
2020-10-13,32384,993865,1026250,10,0.9684,1,107.8325,107.3211
2020-10-14,110949,915722,1026671,10,0.8919,1,107.4542,107.542
2020-10-15,134240,884039,1018280,10,0.8682,1,106.7605,107.0118
2020-10-16,134240,871824,1006064,10,0.8666,1,105.8147,106.6141
2020-10-19,127143,891743,1018886,10,0.8752,1,107.2019,107.7629
2020-10-20,127143,889257,1016401,10,0.8749,1,106.4453,107.1885
2020-10-21,127143,881501,1008644,10,0.8739,1,107.1389,107.5862
2020-10-22,115098,880426,995524,10,0.8844,1,105.9408,106.8351
2020-10-23,69974,916432,986406,10,0.9291,1,106.3822,107.1002
2020-10-26,65720,913660,979380,10,0.9329,1,105.9408,106.8792
2020-10-27,38148,941158,979306,10,0.961,1,105.8777,106.8792
2020-10-28,38148,958271,996419,10,0.9617,1,105.4994,106.6583
2020-10-29,38148,962116,1000264,10,0.9619,1,105.6255,106.1723
2020-10-30,38148,937350,975499,10,0.9609,1,103.4814,104.6259
2020-11-02,226432,751886,978319,8,0.7685,1,105.3101,105.9956
2020-11-04,137735,854279,992013,8,0.8612,1,106.5714,108.028
2020-11-05,292,1017350,1017642,10,0.9997,1,107.9587,109.8837
2020-11-06,292,1025397,1025688,10,0.9997,1,108.5893,110.7674
2020-11-09,292,1061730,1062022,10,0.9997,1,110.0397,113.1533
2020-11-10,292,1037730,1038021,10,0.9997,1,111.3008,113.3742
2020-11-11,142040,910885,1052925,8,0.8651,1,113.1297,115.4508
2020-11-12,15891,1047711,1063602,9,0.9851,1,113.0035,116.2019
2020-11-13,15891,1042747,1058637,9,0.985,1,111.49,115.495
2020-11-16,15891,1058840,1074731,9,0.9852,1,113.3819,117.8809
2020-11-17,15891,1052338,1068228,9,0.9851,1,113.571,118.2785
2020-11-18,15891,1040885,1056775,9,0.985,1,112.6882,117.1739
2020-11-19,130270,927380,1057650,8,0.8768,1,112.8774,116.5112
2020-11-20,131599,928647,1060246,9,0.8759,1,113.0035,116.2019
2020-11-24,3831,1083477,1087308,10,0.9965,1,115.2106,119.0738
2020-11-25,3831,1086817,1090649,10,0.9965,1,115.3998,119.5598
2020-11-26,3831,1113402,1117233,10,0.9966,1,116.5348,120.8412
2020-11-27,3831,1126608,1130439,10,0.9966,1,116.8502,121.1946
2020-11-30,3831,1137302,1141134,10,0.9966,1,114.643,120.311
2020-12-01,3831,1136803,1140634,10,0.9966,1,115.715,121.9899
2020-12-02,3831,1129156,1132987,10,0.9966,1,116.0304,121.769
2020-12-03,3831,1126262,1130093,10,0.9966,1,116.3457,121.9899
2020-12-04,40763,1080483,1121246,9,0.9636,1,116.2826,121.8132
2020-12-07,1408,1104222,1105629,10,0.9987,1,115.3367,120.797
2020-12-08,88818,1018554,1107372,9,0.9198,1,115.2737,120.4877
2020-12-09,681,1128891,1129572,10,0.9994,1,116.5979,121.9899
2020-12-10,681,1124160,1124841,10,0.9994,1,116.4718,121.7248
2020-12-11,681,1123551,1124232,10,0.9994,1,116.6609,121.2388
2020-12-14,124847,1002733,1127579,9,0.8893,1,117.3546,121.6365
2020-12-15,27889,1099943,1127832,10,0.9753,1,116.724,121.4155
2020-12-16,27889,1106917,1134806,10,0.9754,1,117.1024,121.769
2020-12-17,27889,1134846,1162735,10,0.976,1,117.4177,122.0341
2020-12-18,27889,1130240,1158130,10,0.9759,1,117.4807,121.8132
2020-12-21,27889,1127251,1155140,10,0.9759,1,117.1654,121.4597
2020-12-22,27889,1104070,1131960,10,0.9754,1,115.2737,120.1342
2020-12-23,27889,1112115,1140004,10,0.9755,1,115.652,120.6202
2020-12-24,88601,1051639,1140240,10,0.9223,1,116.2196,121.2388
2020-12-25,88601,1045536,1134138,10,0.9219,1,116.3457,121.283
2020-12-28,88601,1066132,1154733,10,0.9233,1,117.0393,121.9899
2020-12-29,88601,1088250,1176851,10,0.9247,1,119.0572,125.5246
2020-12-30,88601,1086493,1175094,10,0.9246,1,118.2374,125.2153
2021-01-04,88601,1097203,1185804,10,0.9253,1,117.5438,124.3316
2021-01-05,88601,1107949,1196551,10,0.926,1,117.4177,123.6689
2021-01-06,88601,1101838,1190439,10,0.9256,1,117.7961,123.3154
2021-01-07,88601,1114876,1203478,10,0.9264,1,119.814,125.0827
2021-01-08,88601,1148024,1236625,10,0.9284,1,121.7057,128.0872
2021-01-12,88601,1153083,1241685,10,0.9286,1,121.7057,128.3081
2021-01-13,88601,1179258,1267860,10,0.9301,1,122.1472,129.5894
2021-01-14,88601,1184072,1272673,10,0.9304,1,122.9039,130.7382
2021-01-15,88601,1172239,1260841,10,0.9297,1,121.5166,129.722
2021-01-18,88601,1169355,1257956,10,0.9296,1,121.0121,128.7058
2021-01-19,88601,1194223,1282824,10,0.9309,1,121.8319,130.4289
2021-01-20,88601,1184399,1273000,10,0.9304,1,121.2013,129.9871
2021-01-21,88601,1192444,1281045,10,0.9308,1,121.8949,130.9149
2021-01-22,45187,1235486,1280673,10,0.9647,1,121.6427,130.3847
2021-01-25,45187,1234243,1279431,10,0.9647,1,122.0211,131.1359
2021-01-26,45187,1228304,1273491,10,0.9645,1,121.3274,130.0313
2021-01-27,45187,1220411,1265598,10,0.9643,1,122.0211,130.5173
2021-01-28,162338,1067361,1229699,9,0.868,1,120.4446,128.3965
2021-01-29,183026,1017354,1200380,9,0.8475,1,118.4266,126.2757
2021-02-01,163400,1036690,1200090,10,0.8638,1,119.7509,127.8663
2021-02-02,356246,852298,1208544,10,0.7052,1,121.0752,129.1918
2021-02-03,356246,845104,1201350,10,0.7035,1,122.8409,130.694
2021-02-04,344105,844756,1188862,10,0.7106,1,122.3994,129.1476
2021-02-05,344105,853451,1197557,10,0.7127,1,124.039,131.0917
2021-02-08,285944,929872,1215816,10,0.7648,1,126.183,133.6543
2021-02-09,285944,939148,1225093,10,0.7666,1,126.183,134.317
2021-02-10,285944,933485,1219430,10,0.7655,1,126.6875,134.7589
2021-02-12,285944,941060,1227005,10,0.767,1,126.7506,134.538
2021-02-15,285944,958264,1244208,10,0.7702,1,128.201,137.1889
2021-02-16,285944,968999,1254943,10,0.7721,1,128.8315,138.5145
2021-02-17,285944,963146,1249091,10,0.7711,1,128.4532,138.0726
2021-02-18,285944,956402,1242347,10,0.7698,1,127.2551,137.8517
2021-02-19,285944,952274,1238218,10,0.7691,1,126.4983,136.7471
2021-02-22,285944,949640,1235584,10,0.7686,1,127.0028,137.1889
2021-02-24,285944,922800,1208744,10,0.7634,1,124.8588,135.2007
2021-02-25,183619,1028961,1212580,10,0.8486,1,126.4983,137.6308
2021-02-26,215285,953419,1168704,10,0.8158,1,122.2733,132.1079
2021-03-01,153332,1032132,1185463,10,0.8707,1,124.7957,135.2007
2021-03-02,153332,1021859,1175191,10,0.8695,1,124.2282,133.8752
2021-03-03,153332,1023660,1176992,10,0.8697,1,124.9849,134.538
2021-03-04,184905,969470,1154375,10,0.8398,1,123.4714,131.8428
2021-03-05,79300,1070623,1149923,10,0.931,1,124.5434,131.4893
2021-03-08,211236,928603,1139838,9,0.8147,1,124.2282,130.7382
2021-03-09,148489,989306,1137795,9,0.8695,1,125.8677,132.1079
2021-03-10,21638,1124892,1146530,10,0.9811,1,125.9938,132.3288
2021-03-11,21638,1140726,1162364,10,0.9814,1,126.4353,132.9916
2021-03-12,21638,1163124,1184762,10,0.9817,1,127.8856,135.4216
2021-03-15,21638,1174977,1196614,10,0.9819,1,129.0207,135.6425
2021-03-16,21638,1192124,1213762,10,0.9822,1,129.7775,136.5262
2021-03-17,21638,1187654,1209292,10,0.9821,1,130.1558,136.3053
2021-03-18,21638,1198927,1220565,10,0.9823,1,131.7954,137.6308
2021-03-19,21638,1201786,1223424,10,0.9823,1,132.1106,135.6425
2021-03-22,21638,1188393,1210031,10,0.9821,1,130.7234,132.7706
2021-03-23,21638,1172460,1194097,10,0.9819,1,129.3991,132.0195
2021-03-24,21638,1146488,1168126,10,0.9815,1,126.6875,129.4569
2021-03-25,315899,859428,1175327,8,0.7312,1,128.201,130.8707
2021-03-26,111787,1078783,1190570,10,0.9061,1,130.2819,132.7706
2021-03-29,111787,1080796,1192583,10,0.9063,1,130.408,133.6543
2021-03-30,111787,1099225,1211012,10,0.9077,1,130.7234,134.9798
2021-03-31,111787,1093130,1204917,10,0.9072,1,129.3991,133.8752
2021-04-01,111787,1095488,1207274,10,0.9074,1,129.3991,134.7589
2021-04-02,111787,1102705,1214492,10,0.908,1,130.4711,136.7471
2021-04-05,111787,1117320,1229107,10,0.9091,1,131.0386,137.8517
2021-04-06,111787,1102087,1213874,10,0.9079,1,129.273,136.0844
2021-04-07,111787,1116338,1228125,10,0.909,1,130.0297,136.3053
2021-04-08,111787,1112275,1224062,10,0.9087,1,129.2099,136.3053
2021-04-09,111787,1115454,1227241,10,0.9089,1,129.6513,136.3053
2021-04-12,111787,1103713,1215500,10,0.908,1,129.336,135.6425
2021-04-13,111787,1101029,1212816,10,0.9078,1,129.6513,136.3053
2021-04-14,111787,1100722,1212509,10,0.9078,1,129.0838,135.8635
2021-04-15,111787,1110517,1222304,10,0.9085,1,129.7143,135.8635
2021-04-16,111787,1105221,1217008,10,0.9081,1,129.7775,136.3053
2021-04-19,111787,1115608,1227395,10,0.9089,1,129.4621,135.8635
2021-04-20,111787,1094107,1205893,10,0.9073,1,127.3181,133.4334
2021-04-21,110054,1067155,1177209,10,0.9065,1,124.8588,130.6498
2021-04-22,352217,852719,1204936,8,0.7077,1,127.129,133.4334
2021-04-23,78166,1118352,1196518,10,0.9347,1,126.5614,132.9916
2021-04-26,125081,1077020,1202100,10,0.8959,1,126.8767,133.6543
2021-04-27,125081,1082535,1207616,10,0.8964,1,125.9938,132.9916
2021-04-28,125081,1077070,1202151,10,0.896,1,126.1199,133.2125
2021-04-30,125081,1081151,1206231,10,0.8963,1,125.6786,132.1963
2021-05-06,125081,1098201,1223282,10,0.8977,1,127.6334,134.538
2021-05-07,125081,1105306,1230387,10,0.8983,1,127.9487,134.538
2021-05-10,105266,1124808,1230075,10,0.9144,1,129.2099,135.2007
2021-05-11,105266,1094657,1199923,10,0.9123,1,126.183,131.4893
2021-05-12,380606,800819,1181425,7,0.6778,1,124.1651,129.1476
2021-05-13,206032,953557,1159588,8,0.8223,1,122.5255,125.9222
2021-05-14,51,1166043,1166094,10,1.0,1,124.7327,128.7058
2021-05-17,51,1156340,1156391,10,1.0,1,124.2282,127.6012
2021-05-18,116316,1070603,1186920,9,0.902,1,126.2461,130.2964
2021-05-19,9142,1170489,1179631,10,0.9922,1,125.4894,128.529
2021-05-20,9142,1159486,1168628,10,0.9922,1,125.4263,128.6616
2021-05-21,9142,1163688,1172830,10,0.9922,1,126.0569,129.8545
2021-05-24,9142,1187133,1196275,10,0.9924,1,126.6875,129.9871
2021-05-25,9142,1181254,1190396,10,0.9923,1,127.129,130.9149
2021-05-26,9142,1175989,1185131,10,0.9923,1,127.2551,131.2684
2021-05-27,119659,1054213,1173873,9,0.8981,1,126.4353,130.8266
2021-05-28,80106,1113693,1193799,10,0.9329,1,128.8315,133.4334
2021-05-31,80106,1109682,1189788,10,0.9327,1,127.2551,132.3288
2021-06-01,80106,1125076,1205182,10,0.9335,1,127.4442,132.1521
2021-06-02,80106,1145085,1225191,10,0.9346,1,128.4532,132.7706
2021-06-03,80106,1158776,1238882,10,0.9353,1,129.4621,133.4334
2021-06-04,80106,1161361,1241468,10,0.9355,1,129.6513,132.7706
2021-06-07,80106,1163000,1243106,10,0.9356,1,129.6513,132.7706
2021-06-08,80106,1160106,1240212,10,0.9354,1,129.9666,132.9916
2021-06-09,80106,1147197,1227303,10,0.9347,1,129.3991,132.4172
2021-06-10,96236,1134915,1231151,10,0.9218,1,129.5882,132.5497
2021-06-11,96236,1131258,1227494,10,0.9216,1,129.3991,132.7706
2021-06-14,96236,1134747,1230983,10,0.9218,1,129.6513,133.6543
2021-06-15,137414,1107000,1244414,10,0.8896,1,130.8495,135.2007
2021-06-16,137414,1120020,1257435,10,0.8907,1,130.8495,134.538
2021-06-17,137414,1113987,1251402,10,0.8902,1,130.0927,133.2125
2021-06-18,137414,1084065,1221480,10,0.8875,1,128.7054,132.9916
2021-06-21,72461,1119434,1191895,10,0.9392,1,125.8047,128.4407
2021-06-22,403745,840606,1244351,7,0.6755,1,129.6513,132.2404
2021-06-23,6633,1234120,1240753,10,0.9947,1,129.1469,132.2846
2021-06-24,6633,1246327,1252959,10,0.9947,1,128.7054,132.2404
2021-06-25,6633,1252372,1259004,10,0.9947,1,129.7775,133.4334
2021-06-28,6633,1256658,1263290,10,0.9947,1,129.9666,132.9916
2021-06-29,6633,1262247,1268880,10,0.9948,1,129.1469,132.1963
2021-06-30,6633,1260114,1266747,10,0.9948,1,128.6423,132.0637
2021-07-01,6633,1241348,1247980,10,0.9947,1,128.5162,131.666
2021-07-02,80206,1176369,1256575,9,0.9362,1,129.7143,131.9312
2021-07-05,449,1259758,1260207,10,0.9996,1,129.273,130.9149
2021-07-06,449,1256934,1257383,10,0.9996,1,129.6513,131.3568
2021-07-07,449,1254407,1254856,10,0.9996,1,128.5162,128.529
2021-07-08,449,1242658,1243106,10,0.9996,1,124.9849,128.9989
2021-07-09,223401,1013947,1237349,8,0.8195,1,127.3993,128.3724
2021-07-12,91060,1152068,1243128,9,0.9267,1,129.5195,130.9229
2021-07-13,55,1247812,1247868,10,1.0,1,130.3546,131.7283
2021-07-14,55,1228656,1228711,10,1.0,1,130.0334,131.2361
2021-07-15,55,1221965,1222020,10,1.0,1,128.62,129.6253
2021-07-16,55,1222561,1222617,10,1.0,1,128.2346,128.5067
2021-07-19,98317,1106356,1204672,9,0.9184,1,126.3714,126.8511
2021-07-20,292320,898265,1190585,8,0.7545,1,125.2792,125.7325
2021-07-21,312868,886582,1199450,7,0.7392,1,126.3072,126.2694
2021-07-26,20030,1194817,1214848,9,0.9835,1,127.6563,127.6565
2021-07-27,20030,1199183,1219213,9,0.9836,1,128.363,128.1935
2021-07-28,20030,1186817,1206847,9,0.9834,1,127.2066,126.5379
2021-07-29,20030,1190245,1210276,9,0.9834,1,127.5921,127.4775
2021-07-30,20030,1201545,1221575,9,0.9836,1,126.0501,125.2403
2021-08-02,145506,1128504,1274010,9,0.8858,1,128.62,127.3881
2021-08-03,1208,1287482,1288690,10,0.9991,1,128.0418,126.8064
2021-08-04,1208,1296696,1297903,10,0.9991,1,127.3993,126.5379
2021-08-05,1208,1338690,1339897,10,0.9991,1,127.7206,127.1643
2021-08-06,1208,1338795,1340003,10,0.9991,1,127.9775,127.567
2021-08-10,1208,1335055,1336263,10,0.9991,1,128.2346,127.925
2021-08-11,1208,1350816,1352024,10,0.9991,1,129.4552,128.7304
2021-08-12,1208,1364762,1365970,10,0.9991,1,129.391,128.4619
2021-08-13,1208,1378471,1379679,10,0.9991,1,129.5837,128.3724
2021-08-16,1208,1369583,1370791,10,0.9991,1,127.7206,126.2247
2021-08-17,101040,1272792,1373832,9,0.9265,1,126.8853,125.8667
2021-08-18,56679,1310429,1367109,9,0.9585,1,127.5279,126.4932
2021-08-19,2310,1323259,1325569,10,0.9983,1,125.8574,125.1956
2021-08-20,289946,992214,1282159,7,0.7739,1,124.5725,123.9427
2021-08-23,264436,1046408,1310844,8,0.7983,1,126.8853,126.0905
2021-08-24,1852,1333240,1335092,10,0.9986,1,128.2346,127.2538
2021-08-25,1852,1336505,1338356,10,0.9986,1,128.2988,127.1196
2021-08-26,1852,1336081,1337933,10,0.9986,1,128.1703,127.1196
2021-08-27,1852,1353471,1355322,10,0.9986,1,127.7848,126.7616
2021-08-30,1852,1378648,1380499,10,0.9987,1,129.3267,127.4328
2021-08-31,1852,1407140,1408992,10,0.9987,1,130.0334,128.8199
2021-09-01,1852,1405513,1407365,10,0.9987,1,131.1898,130.5202
2021-09-02,1852,1406399,1408250,10,0.9987,1,131.2541,130.9229
2021-09-03,1852,1429662,1431514,10,0.9987,1,133.6954,133.5181
2021-09-06,1852,1485350,1487202,10,0.9988,1,135.3016,136.2475
2021-09-07,1852,1497265,1499117,10,0.9988,1,136.6507,137.1424
2021-09-08,1852,1504582,1506434,10,0.9988,1,137.9356,138.7085
2021-09-09,1852,1493881,1495733,10,0.9988,1,136.7792,137.5898
2021-09-10,1852,1512831,1514682,10,0.9988,1,138.5781,139.3796
2021-09-13,1852,1519633,1521485,10,0.9988,1,138.8994,139.8271
2021-09-14,1852,1532028,1533879,10,0.9988,1,140.3127,140.9457
2021-09-15,1852,1536540,1538392,10,0.9988,1,138.9636,139.8271
2021-09-16,1852,1518971,1520822,10,0.9988,1,138.5781,138.9322
2021-09-17,1852,1529022,1530874,10,0.9988,1,139.0278,139.8271
2021-09-21,1852,1496811,1498663,10,0.9988,1,136.7792,137.1424
2021-09-22,147368,1340199,1487567,9,0.9009,1,135.6228,136.2475
2021-09-24,136049,1407399,1543448,10,0.9119,1,138.7066,138.7085
2021-09-27,136049,1365741,1501790,10,0.9094,1,138.5139,138.7085
2021-09-28,165624,1289781,1455405,10,0.8862,1,137.8071,138.4847
2021-09-29,502946,920177,1423123,8,0.6466,1,136.2652,136.2475
2021-09-30,165405,1243976,1409382,10,0.8826,1,135.8798,136.2475
2021-10-01,123524,1264430,1387954,10,0.911,1,132.6033,132.8916
2021-10-04,164583,1217729,1382312,9,0.8809,1,132.025,131.3703
2021-10-05,259959,1112971,1372930,8,0.8107,1,130.0976,128.4619
2021-10-06,548,1357004,1357552,10,0.9996,1,129.6479,127.0748
2021-10-07,170302,1186607,1356909,9,0.8745,1,129.4552,127.8355
2021-10-08,25350,1338458,1363808,9,0.9814,1,131.1256,129.5358
2021-10-11,161,1395150,1395311,10,0.9999,1,133.5026,131.594
2021-10-12,161,1391051,1391213,10,0.9999,1,132.3462,130.3412
2021-10-13,161,1390666,1390828,10,0.9999,1,131.7681,129.9833
2021-10-14,161,1382041,1382202,10,0.9999,1,132.7317,131.7283
2021-10-15,161,1400362,1400523,10,0.9999,1,135.1088,134.1892
2021-10-18,161,1397750,1397911,10,0.9999,1,134.9804,133.9208
2021-10-19,153903,1241077,1394981,9,0.8897,1,135.3016,135.1289
2021-10-20,5135,1385476,1390611,10,0.9963,1,135.4943,135.1289
2021-10-21,5135,1362092,1367227,10,0.9962,1,133.5669,132.5784
2021-10-22,5135,1360853,1365988,10,0.9962,1,133.7597,132.9364
2021-10-25,5135,1367430,1372566,10,0.9963,1,133.3742,131.9967
2021-10-26,125995,1275991,1401985,9,0.9101,1,134.7876,134.4577
2021-10-27,47,1401629,1401676,10,1.0,1,134.4664,134.234
2021-10-28,47,1381047,1381094,10,1.0,1,133.5669,133.0706
2021-10-29,24125,1332511,1356635,9,0.9822,1,133.7597,133.5181
2021-11-01,131286,1260501,1391787,9,0.9057,1,136.5865,136.6949
2021-11-02,55166,1330984,1386150,10,0.9602,1,135.7513,136.2475
2021-11-04,55166,1348545,1403712,10,0.9607,1,137.229,137.5898
2021-11-05,55166,1327097,1382263,10,0.9601,1,136.2652,136.4712
2021-11-08,55166,1322882,1378049,10,0.96,1,136.1368,136.0238
2021-11-09,126831,1245513,1372344,10,0.9076,1,135.0446,135.1289
2021-11-10,126831,1224454,1351285,10,0.9061,1,134.0809,134.4577
2021-11-11,268741,1094843,1363584,9,0.8029,1,134.5949,135.1289
2021-11-12,116198,1278324,1394521,10,0.9167,1,136.458,136.9187
2021-11-15,116198,1278476,1394674,10,0.9167,1,136.9077,137.5898
2021-11-16,116198,1286030,1402228,10,0.9171,1,137.1004,137.3661
2021-11-17,116198,1282951,1399149,10,0.917,1,136.201,137.1424
2021-11-18,117542,1276542,1394084,10,0.9157,1,135.8798,136.6949
2021-11-19,117542,1289774,1407316,10,0.9165,1,136.5865,137.3661
2021-11-22,117542,1285787,1403329,10,0.9162,1,136.5865,137.3661
2021-11-24,57083,1338912,1395995,10,0.9591,1,134.7876,135.3526
2021-11-25,57083,1350045,1407128,10,0.9594,1,135.3658,136.2475
2021-11-26,57083,1320982,1378065,10,0.9586,1,132.7317,132.8022
2021-11-29,166470,1196351,1362821,10,0.8778,1,130.3225,130.6097
2021-11-30,26112,1305352,1331464,10,0.9804,0,129.0055,131.1019
2021-12-01,659869,672033,1331902,6,0.5046,0,129.3267,128.8646
2021-12-02,659869,666734,1326603,6,0.5026,0,128.6843,128.2158
2021-12-03,762311,566926,1329238,5,0.4265,1,130.8686,129.3792
2021-12-06,57703,1251159,1308861,10,0.9559,0,130.0976,128.9094
2021-12-07,57703,1283286,1340989,10,0.957,1,133.0851,131.8849
2021-12-08,57703,1291575,1349278,10,0.9572,1,133.856,133.2496
2021-12-09,57703,1282438,1340141,10,0.9569,1,132.9566,132.7127
2021-12-10,57703,1266277,1323979,10,0.9564,1,131.9286,131.2137
2021-12-13,57703,1277745,1335448,10,0.9568,1,132.1214,132.1981
2021-12-14,57703,1268138,1325841,10,0.9565,1,131.8323,131.2585
2021-12-15,101743,1229354,1331097,10,0.9236,1,132.4426,131.3256
2021-12-16,101743,1263570,1365313,10,0.9255,1,134.5306,134.2116
2021-12-17,101743,1245248,1346991,10,0.9245,1,132.6354,131.7283
2021-12-20,101743,1217534,1319277,10,0.9229,0,129.7122,129.0212
2021-12-21,101743,1250057,1351800,10,0.9247,1,131.7681,131.5717
2021-12-22,101743,1255439,1357182,10,0.925,1,131.6395,131.7283
2021-12-23,101743,1276765,1378508,10,0.9262,1,132.8924,132.8693
2021-12-24,101743,1281528,1383271,10,0.9264,1,132.7959,132.9588
2021-12-27,101743,1288454,1390196,10,0.9268,1,132.1214,132.3323
2021-12-28,101743,1305360,1407103,10,0.9277,1,133.8881,134.0326
2021-12-29,101743,1301847,1403590,10,0.9275,1,133.7597,133.4733
2021-12-30,101743,1299643,1401386,10,0.9274,1,133.2136,133.2049
2022-01-04,101743,1341903,1443645,10,0.9295,1,136.3295,135.2631
2022-01-05,101743,1351009,1452752,10,0.93,1,136.5223,135.5316
2022-01-06,101743,1317432,1419175,10,0.9283,1,133.7597,131.6835
2022-01-07,165725,1258579,1424304,10,0.8836,1,133.5026,131.6612
2022-01-11,165725,1242668,1408393,10,0.8823,1,133.1172,130.4754
2022-01-12,263566,1177558,1441124,9,0.8171,1,135.0767,132.914
2022-01-13,93375,1357006,1450381,10,0.9356,1,134.1452,131.7059
2022-01-14,93375,1345818,1439193,10,0.9351,1,132.3784,130.028
2022-01-17,156278,1287658,1443936,10,0.8918,1,132.9566,130.9453
2022-01-18,156278,1283494,1439771,10,0.8915,1,132.4105,130.4754
2022-01-19,156278,1224375,1380653,10,0.8868,0,128.4915,127.142
2022-01-20,708325,669658,1377984,6,0.486,0,129.7122,128.3053
2022-01-21,708325,662280,1370605,6,0.4832,0,128.8127,127.2091
2022-01-24,772321,599516,1371837,5,0.437,0,129.0055,127.4552
2022-01-25,772321,587202,1359523,5,0.4319,0,126.789,125.3074
2022-01-26,1031146,327607,1358753,3,0.2411,0,126.4356,124.9271
2022-01-27,1137339,224482,1361821,2,0.1648,0,123.1592,120.9896
2022-01-28,1197038,166945,1363983,1,0.1224,0,125.6647,123.5848
2022-01-31,1197038,166845,1363883,1,0.1223,0,126.789,124.8824
2022-02-01,1197038,165480,1362519,1,0.1215,0,126.9496,125.1508
2022-02-02,1197038,168609,1365647,1,0.1235,0,129.4552,127.1867
2022-02-03,1197038,172004,1369042,1,0.1256,0,128.4915,125.8444
2022-02-04,1197038,172803,1369841,1,0.1261,0,129.2624,126.6945
2022-02-07,1197038,173002,1370041,1,0.1263,0,128.9091,125.8667
2022-02-08,1197038,176364,1373402,1,0.1284,0,129.6158,126.1352
2022-02-09,1197038,175399,1372437,1,0.1278,0,130.6438,127.4775
2022-02-10,1197038,174999,1372038,1,0.1275,1,131.3826,128.0145
2022-02-14,8201,1360414,1368615,10,0.994,0,129.1982,125.0389
2022-02-15,168908,1185598,1354506,9,0.8753,0,128.0418,124.077
2022-02-16,168908,1195095,1364003,9,0.8762,0,130.2262,126.8959
2022-02-17,168908,1202233,1371141,9,0.8768,0,129.134,125.8891
2022-02-18,168908,1203301,1372209,9,0.8769,0,128.7164,125.3745
2022-02-21,168908,1208203,1377111,9,0.8773,0,127.8812,124.323
2022-02-22,168908,1179980,1348888,9,0.8748,0,126.0501,122.2872
2022-02-24,168908,1173604,1342513,9,0.8742,0,124.2834,120.2513
2022-02-25,168908,1172289,1341197,9,0.8741,0,125.7289,122.399
2022-02-28,316812,1042098,1358910,8,0.7669,0,126.3714,122.6675
2022-03-01,316812,1057083,1373895,8,0.7694,0,127.046,124.0322
2022-03-02,466407,913957,1380364,7,0.6621,0,124.5404,121.9739
2022-03-03,466407,945397,1411803,7,0.6696,0,125.8253,122.8912
2022-03-04,466407,943866,1410273,7,0.6693,0,123.384,120.2513
2022-03-07,466407,948932,1415339,7,0.6705,0,120.0753,116.7388
2022-03-08,610189,752137,1362326,6,0.5521,0,117.8909,114.6582
2022-03-09,834153,526638,1360790,4,0.387,0,117.6983,114.2779
2022-03-10,834153,543806,1377959,4,0.3946,0,122.3561,118.7076
2022-03-11,834153,555467,1389619,4,0.3997,0,120.6856,116.3361
2022-03-14,834153,562861,1397013,4,0.4029,0,121.2318,117.0297
2022-03-15,834153,545121,1379273,4,0.3952,0,122.4203,117.1863
2022-03-16,834153,551165,1385317,4,0.3979,0,124.0264,119.0879
2022-03-17,834153,554160,1388312,4,0.3992,0,127.2708,123.0926
2022-03-18,834153,560902,1395054,4,0.4021,0,127.8169,124.0322
2022-03-22,834153,579373,1413525,4,0.4099,0,129.2303,125.7101
2022-03-23,834153,579612,1413764,4,0.41,1,132.3141,129.4687
2022-03-24,7391,1406781,1414172,10,0.9948,1,132.7317,129.849
2022-03-25,7391,1413707,1421098,10,0.9948,1,132.6675,129.9609
2022-03-28,7391,1407339,1414729,10,0.9948,1,132.025,129.1331
2022-03-29,110811,1314971,1425782,9,0.9223,1,133.2136,130.4531
2022-03-30,312,1418025,1418337,10,0.9998,1,133.1814,130.5425
2022-03-31,96743,1311021,1407764,9,0.9313,1,131.6395,129.7595
2022-04-01,1828,1394277,1396106,10,0.9987,1,131.5432,129.0212
2022-04-04,1828,1383672,1385500,10,0.9987,1,132.2499,129.245
2022-04-05,1828,1377534,1379363,10,0.9987,1,131.9607,129.4911
2022-04-06,1828,1361006,1362834,10,0.9987,0,130.0013,127.4775
2022-04-07,100983,1241512,1342495,9,0.9248,0,128.0096,125.3074
2022-04-08,478008,854166,1332173,6,0.6412,0,128.2346,125.7549
2022-04-11,589198,751643,1340841,5,0.5606,0,127.8491,124.9942
2022-04-12,589198,743888,1333086,5,0.558,0,126.0823,122.7346
2022-04-13,727123,623743,1350867,4,0.4617,0,127.8491,125.2179
2022-04-14,727123,638664,1365787,4,0.4676,0,129.1982,126.6721
2022-04-15,727123,638670,1365793,4,0.4676,0,128.3309,126.3589
2022-04-18,727123,637274,1364398,4,0.4671,0,127.1103,124.9047
2022-04-19,727123,647296,1374419,4,0.471,0,128.3309,125.822
2022-04-20,727123,652810,1379933,4,0.4731,0,129.6801,126.8064
2022-04-21,727123,646917,1374040,4,0.4708,0,130.4189,128.3277
2022-04-22,727123,638118,1365242,4,0.4674,0,128.9091,126.3589
2022-04-25,727123,624391,1351515,4,0.462,0,126.9496,123.8756
2022-04-26,727123,613656,1340779,4,0.4577,0,127.3029,124.3454
2022-04-27,903589,433161,1336750,3,0.324,0,126.0501,123.0031
2022-04-28,1062678,283215,1345893,2,0.2104,0,128.4915,125.1508
2022-05-02,1062678,283357,1346035,2,0.2105,0,128.363,124.86
2022-05-06,1062678,284878,1347555,2,0.2114,0,129.6158,125.9786
2022-05-09,1062678,273983,1336661,2,0.205,0,127.0781,122.6675
2022-05-10,1236126,92990,1329115,1,0.07,0,126.1787,121.9739
2022-05-11,1236126,88871,1324996,1,0.0671,0,125.3113,122.2648
2022-05-12,1323586,0,1323586,0,0.0,0,123.9943,120.0947
2022-05-13,1323586,0,1323586,0,0.0,0,126.4035,123.1821
2022-05-16,1323586,0,1323586,0,0.0,0,126.3714,123.9427
2022-05-17,1323586,0,1323586,0,0.0,0,126.532,124.3678
2022-05-18,1323586,0,1323586,0,0.0,0,127.7848,125.3522
2022-05-19,1323586,0,1323586,0,0.0,0,126.0823,123.0926
2022-05-20,1323586,0,1323586,0,0.0,0,127.1745,124.681
2022-05-23,1323586,0,1323586,0,0.0,0,128.4272,125.8444
2022-05-24,1323586,0,1323586,0,0.0,0,127.3672,124.7481
2022-05-25,1323586,0,1323586,0,0.0,0,127.1103,124.4349
2022-05-26,1323586,0,1323586,0,0.0,0,127.2066,124.1441
2022-05-27,1323586,0,1323586,0,0.0,0,127.8812,124.86
2022-05-30,1323586,0,1323586,0,0.0,0,130.1298,127.6789
2022-05-31,1323586,0,1323586,0,0.0,0,129.4552,127.1643
2022-06-01,1323586,0,1323586,0,0.0,1,131.3505,128.0592
2022-06-02,889,1312691,1313580,10,0.9993,0,130.5153,127.8131
2022-06-03,889,1318278,1319167,10,0.9993,1,130.965,129.3568
2022-06-06,889,1333932,1334821,10,0.9993,1,131.3183,130.207
2022-06-07,889,1345571,1346459,10,0.9993,1,131.7681,130.3412
2022-06-08,889,1362647,1363536,10,0.9993,1,133.4063,131.5493
2022-06-09,889,1354500,1355388,10,0.9993,1,133.31,131.6835
2022-06-10,889,1341541,1342430,10,0.9993,1,131.5111,129.7595
2022-06-13,100158,1218466,1318624,9,0.924,0,128.7164,125.8891
2022-06-14,338950,958900,1297850,7,0.7388,0,127.1745,124.2336
2022-06-15,630231,649732,1279963,5,0.5076,0,125.5362,122.936
2022-06-16,689116,600361,1289477,4,0.4656,0,126.4678,123.2492
2022-06-17,689116,588375,1277491,4,0.4606,0,124.2513,121.1238
2022-06-20,809397,447875,1257272,3,0.3562,0,123.2876,120.0947
2022-06-21,955125,311748,1266874,2,0.2461,0,125.6647,122.399
2022-06-22,955125,315798,1270924,2,0.2485,0,125.4399,122.0411
2022-06-23,955125,322022,1277147,2,0.2521,0,125.4399,122.0411
2022-06-24,955125,321314,1276440,2,0.2517,0,126.4356,123.5176
2022-06-27,955125,321164,1276290,2,0.2516,0,127.9454,125.3298
2022-06-28,955125,328070,1283196,2,0.2557,0,129.1019,126.0457
2022-06-29,955125,323059,1278185,2,0.2527,0,128.2024,125.1061
2022-06-30,955125,319346,1274471,2,0.2506,0,126.8532,123.0926
2022-07-01,955125,317994,1273120,2,0.2498,0,125.0544,121.1238
2022-07-04,955125,319754,1274880,2,0.2508,0,126.8211,122.1977
2022-07-05,955125,324262,1279387,2,0.2535,0,127.4315,123.2715
2022-07-06,955125,314521,1269647,2,0.2477,0,125.8896,121.9739
2022-07-07,955125,319239,1274364,2,0.2505,0,124.6367,121.5936
2022-07-08,955125,317876,1273001,2,0.2497,0,128.1082,124.2235
2022-07-11,955125,325977,1281103,2,0.2545,0,130.0168,125.0667
2022-07-12,955125,326430,1281556,2,0.2547,0,127.812,122.9929
2022-07-13,955125,320512,1275638,2,0.2513,0,128.2727,123.6082
2022-07-14,955125,319435,1274561,2,0.2506,0,128.3714,124.383
2022-07-15,955125,317697,1272822,2,0.2496,0,128.3056,125.0895
2022-07-19,955125,315979,1271104,2,0.2486,0,129.1283,125.8415
2022-07-20,955125,320155,1275281,2,0.251,1,131.9583,129.1459
2022-07-21,3769,1276471,1280240,9,0.9971,1,132.2545,129.6929
2022-07-22,3769,1278681,1282449,9,0.9971,1,132.6494,130.2398
2022-07-25,3769,1278127,1281895,9,0.9971,1,131.6951,129.2827
2022-07-26,3769,1276148,1279917,9,0.9971,1,131.7279,129.0776
2022-07-27,3769,1283301,1287070,9,0.9971,1,131.9583,129.351
2022-07-28,3769,1284684,1288453,9,0.9971,1,132.0899,129.8068
2022-07-29,3769,1275263,1279031,9,0.9971,1,131.5305,129.8068
2022-08-01,155228,1137544,1292772,8,0.8799,1,132.8797,130.6272
2022-08-02,6119,1265084,1271202,10,0.9952,1,130.7737,128.8041
2022-08-03,302736,971451,1274187,8,0.7624,1,130.8724,129.5561
2022-08-04,1687,1262651,1264338,10,0.9987,1,130.9382,130.331
2022-08-05,1687,1263691,1265378,10,0.9987,1,132.1558,131.4932
2022-08-08,109389,1153930,1263320,9,0.9134,1,132.3203,131.835
2022-08-09,288596,981173,1269770,8,0.7727,1,131.4977,130.7184
2022-08-10,804,1265769,1266573,10,0.9994,1,131.1028,129.9208
2022-08-12,804,1288203,1289008,10,0.9994,1,133.9328,133.1796
2022-08-15,804,1280956,1281761,10,0.9994,1,134.7225,134.7976
2022-08-16,804,1269593,1270398,10,0.9994,1,134.4263,134.7293
2022-08-17,804,1296549,1297353,10,0.9994,1,136.0718,136.3017
2022-08-18,804,1291992,1292796,10,0.9994,1,135.0516,135.0483
2022-08-19,804,1300622,1301426,10,0.9994,1,135.2819,134.9799
2022-08-22,804,1306833,1307638,10,0.9994,1,135.1503,134.3419
2022-08-23,804,1303251,1304055,10,0.9994,1,133.7024,132.8378
2022-08-24,804,1306152,1306957,10,0.9994,1,133.4392,132.268
2022-08-25,804,1314512,1315316,10,0.9994,1,134.0315,133.0429
2022-08-26,804,1321398,1322203,10,0.9994,1,134.3277,133.567
2022-08-29,804,1307132,1307936,10,0.9994,1,131.8596,130.2398
2022-08-30,804,1328407,1329211,10,0.9994,1,133.6695,131.7667
2022-08-31,804,1309475,1310279,10,0.9994,1,134.5251,131.2425
2022-09-01,157053,1119065,1276118,9,0.8769,1,131.3989,129.2599
2022-09-02,441462,825868,1267330,6,0.6517,1,131.0698,129.0776
2022-09-05,147133,1127061,1274194,9,0.8845,1,130.8394,129.0548
2022-09-06,291,1284269,1284561,10,0.9998,1,130.8394,129.0092
2022-09-07,291,1269115,1269407,10,0.9998,1,130.1484,128.1204
2022-09-08,276766,1005141,1281907,8,0.7841,1,132.9127,131.0146
2022-09-09,48,1283769,1283817,10,1.0,1,133.5379,131.8578
2022-09-12,48,1284322,1284370,10,1.0,1,134.3934,133.2252
2022-09-13,48,1287755,1287803,10,1.0,1,134.7554,133.6354
2022-09-14,48,1273895,1273943,10,1.0,1,132.1558,130.0575
2022-09-15,48,1274245,1274293,10,1.0,1,132.2545,130.2854
2022-09-16,48,1256635,1256683,10,1.0,1,131.5305,128.7585
2022-09-20,138252,1132469,1270721,9,0.8912,1,132.2216,129.351
2022-09-21,1214,1251936,1253150,10,0.999,1,130.5433,127.6191
2022-09-22,1214,1254326,1255540,10,0.999,1,130.0826,126.9582
2022-09-26,145038,1065227,1210265,9,0.8802,0,126.7261,123.517
2022-09-27,807331,406778,1214109,3,0.335,0,127.088,124.0184
2022-09-28,807331,402296,1209627,3,0.3326,0,125.8376,122.0585
2022-09-29,807331,414744,1222075,3,0.3394,0,128.4043,124.6109
2022-09-30,807331,410149,1217480,3,0.3369,0,125.8047,121.8306
2022-10-03,807331,407935,1215266,3,0.3357,0,126.7261,123.3803
2022-10-04,807331,419859,1227190,3,0.3421,1,130.7737,127.0949
2022-10-05,313,1227599,1227912,9,0.9997,1,131.2343,127.6646
2022-10-06,313,1236756,1237069,9,0.9997,1,131.7609,128.5762
2022-10-07,313,1221727,1222040,9,0.9997,1,130.9053,127.6646
2022-10-11,313,1214900,1215213,9,0.9997,0,128.4043,124.383
2022-10-12,313,1205777,1206090,9,0.9997,0,128.2069,124.3374
2022-10-13,313,1195678,1195991,9,0.9997,0,127.2854,123.5626
2022-10-14,140938,1081271,1222209,8,0.8847,1,130.1155,127.6191
2022-10-17,7008,1201260,1208268,9,0.9942,0,128.9638,126.115
2022-10-18,7008,1212854,1219862,9,0.9943,1,130.3788,127.9609
2022-10-19,7008,1212637,1219645,9,0.9943,1,130.7078,128.3255
2022-10-20,7008,1216341,1223349,9,0.9943,1,130.1155,127.1861
2022-10-21,7008,1209056,1216064,9,0.9942,0,129.1612,126.6163
2022-10-24,7008,1212628,1219636,9,0.9943,1,129.5232,127.0265
2022-10-25,7008,1232848,1239856,9,0.9943,1,130.7737,128.2572
2022-10-26,7008,1232853,1239861,9,0.9943,1,131.4647,129.1004
2022-10-27,7008,1211245,1218253,9,0.9942,1,130.7408,128.6674
2022-10-28,136608,1082654,1219262,8,0.888,1,130.0826,127.6874
2022-10-31,405,1236962,1237367,9,0.9997,1,132.0899,129.8296
2022-11-01,405,1254430,1254835,9,0.9997,1,132.9455,130.217
2022-11-02,405,1267680,1268084,9,0.9997,1,132.9455,130.331
2022-11-04,405,1265509,1265914,9,0.9997,1,131.2343,128.0521
2022-11-07,405,1271933,1272338,9,0.9997,1,132.5178,129.6473
2022-11-08,405,1289519,1289924,9,0.9997,1,134.3277,131.197
2022-11-09,405,1282857,1283261,9,0.9997,1,133.6695,130.5133
2022-11-10,124654,1153477,1278131,8,0.9025,1,132.9127,129.2827
2022-11-11,1010,1275716,1276727,9,0.9992,1,135.6768,133.0884
2022-11-14,1010,1240620,1241630,9,0.9992,1,134.7883,131.7667
2022-11-15,486066,759943,1246009,5,0.6099,1,134.7225,131.835
2022-11-16,1176,1245090,1246266,9,0.9991,1,134.8542,132.4048
2022-11-17,1176,1239189,1240364,9,0.9991,1,135.0845,131.5388
2022-11-18,1176,1248714,1249889,9,0.9991,1,134.9529,131.3337
2022-11-21,1176,1247860,1249036,9,0.9991,1,135.3478,131.5844
2022-11-22,141896,1129921,1271817,8,0.8884,1,136.8944,132.4959
2022-11-24,225,1297009,1297234,9,0.9998,1,138.4082,133.6126
2022-11-25,225,1305376,1305601,9,0.9998,1,138.5068,133.1796
2022-11-28,225,1288387,1288612,9,0.9998,1,137.4867,132.5415
2022-11-29,225,1283226,1283452,9,0.9998,1,136.6641,132.0857
2022-11-30,225,1272483,1272708,9,0.9998,1,136.0059,131.7667
2022-12-01,225,1265303,1265529,9,0.9998,1,136.335,132.9517
2022-12-02,225,1238884,1239110,9,0.9998,1,133.9328,130.7412
2022-12-05,162081,1070470,1232551,8,0.8685,1,133.5379,130.9918
2022-12-06,416699,823972,1240671,6,0.6641,1,133.6366,131.3565
2022-12-07,2570,1246379,1248949,9,0.9979,1,133.7024,130.331
2022-12-08,2570,1250856,1253426,9,0.9979,1,133.0772,129.8524
2022-12-09,2570,1262773,1265343,9,0.998,1,134.558,131.3793
2022-12-12,2570,1262996,1265566,9,0.998,1,134.1631,131.083
2022-12-13,2570,1277725,1280295,9,0.998,1,134.8213,131.6072
2022-12-14,2570,1278950,1281520,9,0.998,1,135.611,132.6327
2022-12-15,2570,1305537,1308107,9,0.998,1,135.2819,132.0629
2022-12-16,2570,1286086,1288656,9,0.998,1,133.7353,129.6701
2022-12-19,2570,1272688,1275258,9,0.998,1,132.7481,128.3027
2022-12-20,2570,1261102,1263672,9,0.998,1,131.004,125.1351
2022-12-21,2570,1248761,1251331,9,0.9979,0,129.6877,124.2691
2022-12-22,2570,1259392,1261962,9,0.998,1,130.9382,124.7476
2022-12-23,2570,1246205,1248775,9,0.9979,0,130.1813,123.5854
2022-12-26,150337,1114855,1265191,8,0.8812,1,130.4117,124.3146
2022-12-27,1478,1258491,1259969,10,0.9988,1,131.1357,124.5881
2022-12-28,118060,1149181,1267241,9,0.9068,1,130.8724,123.9272
2022-12-29,1942,1245093,1247035,10,0.9984,0,130.1155,123.0157
2022-12-30,1942,1241418,1243360,10,0.9984,0,129.9509,123.0612
2023-01-04,322025,890250,1212275,8,0.7344,0,128.3714,121.3065
2023-01-05,993457,216665,1210122,3,0.179,0,128.4372,121.9218
2023-01-06,1144096,65452,1209548,2,0.0541,0,128.8979,122.5143
2023-01-10,1170915,38220,1209135,1,0.0316,0,129.1283,123.4259
2023-01-11,1209543,0,1209543,0,0.0,0,130.5104,124.6337
2023-01-12,1209543,0,1209543,0,0.0,1,131.1357,124.7248
2023-01-13,581,1240484,1241065,9,0.9995,0,130.6091,123.1524
2023-01-16,581,1219097,1219678,9,0.9995,0,129.4903,121.785
2023-01-17,581,1216406,1216987,9,0.9995,1,130.7408,123.2891
2023-01-18,581,1217845,1218426,9,0.9995,1,132.9455,126.2517
2023-01-19,581,1201755,1202336,9,0.9995,1,131.6951,124.4969
2023-01-20,581,1216564,1217145,9,0.9995,1,132.3861,125.1806
2023-01-23,581,1225101,1225682,9,0.9995,1,133.6366,126.867
2023-01-24,581,1237164,1237745,9,0.9995,1,135.4794,128.6901
2023-01-25,151803,1094180,1245984,8,0.8782,1,136.1047,129.0776
2023-01-26,7041,1238377,1245419,9,0.9943,1,135.8084,128.8952
2023-01-27,7041,1257034,1264075,9,0.9944,1,136.1704,129.1687
2023-01-30,7041,1249870,1256911,9,0.9944,1,136.1376,129.3055
2023-01-31,7041,1226131,1233173,9,0.9943,1,135.7098,128.8041
2023-02-01,7041,1229522,1236563,9,0.9943,1,135.4794,129.0092
2023-02-02,7041,1211838,1218879,9,0.9942,1,134.9199,129.2827
2023-02-03,7041,1209910,1216951,9,0.9942,1,135.2819,129.7157
2023-02-06,7041,1210816,1217857,9,0.9942,1,135.973,130.5361
2023-02-07,7041,1224089,1231130,9,0.9943,1,136.2692,130.4905
2023-02-08,7041,1233089,1240130,9,0.9943,1,136.2363,130.1031
2023-02-09,7041,1234271,1241312,9,0.9943,1,136.3021,130.0575
2023-02-10,7041,1255324,1262366,9,0.9944,1,136.4008,130.4677
2023-02-13,7041,1259306,1266347,9,0.9944,1,135.7427,129.3055
2023-02-14,7041,1267781,1274823,9,0.9945,1,136.9602,130.2398
2023-02-15,7041,1280372,1287413,9,0.9945,1,136.4667,129.6017
2023-02-16,7041,1284828,1291869,9,0.9945,1,137.5197,130.6272
2023-02-17,7041,1289169,1296211,9,0.9946,1,136.8286,129.6701
2023-02-20,7041,1302244,1309285,9,0.9946,1,137.3552,129.784
2023-02-21,7041,1299060,1306101,9,0.9946,1,137.0919,129.5333
2023-02-22,7041,1299268,1306310,9,0.9946,1,135.8084,127.8242
2023-02-24,7041,1285309,1292350,9,0.9946,1,136.5653,129.3282
2023-02-27,7041,1302865,1309906,9,0.9946,1,136.9932,129.4422
2023-02-28,7041,1293533,1300575,9,0.9946,1,136.8944,129.3738
2023-03-01,7041,1296581,1303622,9,0.9946,1,137.3222,129.7612
2023-03-02,7041,1297227,1304268,9,0.9946,1,137.0261,129.7384
2023-03-03,7041,1311618,1318660,9,0.9947,1,138.7372,131.6527
2023-03-06,7041,1315356,1322398,9,0.9947,1,139.9219,133.248
2023-03-07,7041,1327805,1334846,9,0.9947,1,140.5472,133.5898
2023-03-08,7041,1330381,1337422,9,0.9947,1,141.0078,134.114
2023-03-09,7041,1357389,1364430,9,0.9948,1,142.2912,135.0255
2023-03-10,7041,1304067,1311108,9,0.9946,1,139.5928,132.6782
2023-03-13,642049,636996,1279045,4,0.498,1,137.4209,131.3565
2023-03-14,311511,939874,1251385,7,0.7511,1,133.7682,128.4395
2023-03-15,150253,1109811,1260064,9,0.8808,1,134.6238,128.5306
2023-03-16,22089,1211794,1233882,10,0.9821,1,133.1759,127.4368
2023-03-17,320362,927682,1248044,9,0.7433,1,134.7225,128.8952
2023-03-20,171857,1057679,1229536,10,0.8602,1,132.7152,127.3684
2023-03-22,162755,1089098,1251854,10,0.87,1,134.8871,129.6017
2023-03-23,162755,1089598,1252353,10,0.87,1,134.6238,129.4422
2023-03-24,162755,1086546,1249302,10,0.8697,1,134.4593,129.0776
2023-03-27,162755,1091836,1254591,10,0.8703,1,134.9199,129.7384
2023-03-28,162755,1094910,1257665,10,0.8706,1,135.2819,129.8524
2023-03-29,162755,1105939,1268694,10,0.8717,1,137.1577,131.3793
2023-03-30,162755,1120198,1282953,10,0.8731,1,137.8158,132.1313
2023-03-31,162755,1137697,1300452,10,0.8748,1,139.4612,133.4986
2023-04-03,162755,1138309,1301064,10,0.8749,1,140.3168,134.2051
2023-04-04,162755,1131087,1293842,10,0.8742,1,140.6458,134.6153
2023-04-05,162755,1106827,1269582,10,0.8718,1,137.8487,132.5187
2023-04-06,162755,1095159,1257914,10,0.8706,1,136.335,130.9007
2023-04-07,187467,1070111,1257578,9,0.8509,1,136.5983,130.9463
2023-04-10,35972,1232852,1268824,10,0.9716,1,137.388,131.6755
2023-04-11,35972,1243661,1279633,10,0.9719,1,138.5398,133.2024
2023-04-12,35972,1253107,1289079,10,0.9721,1,139.5599,133.7493
2023-04-13,35972,1260153,1296125,10,0.9722,1,139.6915,134.114
2023-04-14,35972,1285701,1321673,10,0.9728,1,140.3826,135.5497
2023-04-17,35972,1280799,1316771,10,0.9727,1,140.9749,135.7776
2023-04-18,35972,1291382,1327354,10,0.9729,1,141.9622,136.4384
2023-04-19,35972,1294766,1330738,10,0.973,1,141.7976,136.1194
2023-04-20,35972,1291336,1327308,10,0.9729,1,141.7318,136.3929
2023-04-21,35972,1286883,1322855,10,0.9728,1,141.4685,135.9827
2023-04-24,35972,1289981,1325953,10,0.9729,1,141.6002,136.051
2023-04-25,35972,1292039,1328011,10,0.9729,1,142.0609,136.3017
2023-04-26,35972,1278299,1314270,10,0.9726,1,140.6787,135.3674
2023-04-27,154180,1165529,1319709,9,0.8832,1,141.2053,135.5041
2023-04-28,1306,1319476,1320782,10,0.999,1,143.1139,137.3728
2023-05-01,1306,1336495,1337801,10,0.999,1,144.4631,138.6946
2023-05-02,1306,1326926,1328232,10,0.999,1,144.2986,138.8313
2023-05-08,1306,1328042,1329348,10,0.999,1,144.0353,137.9197
2023-05-09,1306,1343629,1344935,10,0.999,1,145.8123,139.1504
2023-05-10,1306,1329150,1330456,10,0.999,1,145.0554,138.649
2023-05-11,148721,1179848,1328570,9,0.8881,1,144.7922,138.6946
2023-05-12,1733,1329151,1330884,10,0.9987,1,145.8781,139.9708
2023-05-15,25196,1326054,1351250,9,0.9814,1,147.1286,141.0646
2023-05-16,1338,1354057,1355395,10,0.999,1,148.05,142.1129
2023-05-17,1338,1358185,1359523,10,0.999,1,148.5107,143.298
2023-05-18,1338,1370522,1371860,10,0.999,1,150.3206,145.8504
2023-05-19,1338,1371728,1373066,10,0.999,1,150.4193,146.8531
2023-05-22,1338,1389288,1390626,10,0.999,1,151.3078,147.9925
2023-05-23,1338,1385905,1387242,10,0.999,1,150.5181,147.5823
2023-05-24,1338,1382867,1384205,10,0.999,1,149.6624,146.1694
2023-05-25,1338,1393698,1395036,10,0.999,1,149.2347,146.6252
2023-05-26,1338,1405272,1406610,10,0.999,1,149.2347,147.4
2023-05-29,1338,1426103,1427440,10,0.9991,1,150.3864,148.8585
2023-05-30,1338,1427556,1428894,10,0.9991,1,150.1561,149.2231
2023-05-31,1338,1401375,1402713,10,0.999,1,148.1158,147.0354
2023-06-01,1338,1414080,1415418,10,0.9991,1,149.3992,148.3116
2023-06-02,1338,1436402,1437740,10,0.9991,1,151.8673,150.1347
2023-06-05,1338,1469513,1470851,10,0.9991,1,154.434,153.3708
2023-06-06,1338,1491607,1492944,10,0.9991,1,155.5199,154.966
2023-06-07,1338,1465228,1466566,10,0.9991,1,153.4468,152.2313
2023-06-08,1338,1478580,1479918,10,0.9991,1,152.4596,150.8184
2023-06-09,1338,1515697,1517035,10,0.9991,1,154.7302,153.5986
2023-06-12,1338,1522741,1524079,10,0.9991,1,155.7174,154.6014
2023-06-13,1338,1536876,1538214,10,0.9991,1,157.7577,157.3816
2023-06-14,1338,1554835,1556173,10,0.9991,1,159.6004,159.5238
2023-06-15,1338,1545731,1547069,10,0.9991,1,159.6333,159.4782
2023-06-16,186391,1372244,1558634,9,0.8804,1,160.0941,160.5721
2023-06-19,52863,1497096,1549958,10,0.9659,1,159.3043,158.9769
2023-06-20,52863,1503218,1556080,10,0.966,1,158.8765,158.8857
2023-06-21,52863,1516876,1569739,10,0.9663,1,159.8637,160.0252
2023-06-22,52863,1525800,1578663,10,0.9665,1,159.8967,158.5667
2023-06-23,52863,1497334,1550196,10,0.9659,1,157.3957,156.1055
2023-06-26,52863,1488617,1541479,10,0.9657,1,157.0995,155.832
2023-06-27,52863,1475507,1528370,10,0.9654,1,156.6388,155.0116
2023-06-28,52863,1501205,1554067,10,0.966,1,159.8308,157.9286
2023-06-29,52863,1504394,1557256,10,0.9661,1,159.7979,158.4755
2023-06-30,52863,1505821,1558683,10,0.9661,1,159.2385,158.3388
2023-07-03,52863,1526613,1579475,10,0.9665,1,161.5749,160.8912
2023-07-04,52863,1525374,1578237,10,0.9665,1,160.5548,159.2048
2023-07-05,52863,1525542,1578405,10,0.9665,1,160.4232,158.7946
2023-07-06,52863,1508566,1561429,10,0.9661,1,158.5803,154.1
2023-07-07,52863,1489149,1542012,10,0.9657,1,153.6771,154.8115
2023-07-10,28388,1502698,1531086,10,0.9815,1,156.5112,153.6985
2023-07-11,378500,1157300,1535800,9,0.7535,1,155.9053,153.6521
2023-07-12,177796,1345086,1522882,10,0.8833,1,154.862,152.3071
2023-07-13,177796,1363207,1541003,10,0.8846,1,156.3092,154.6724
2023-07-14,177796,1366133,1543929,10,0.8848,1,156.0736,154.626
2023-07-18,177796,1372344,1550140,10,0.8853,1,156.9824,154.9507
2023-07-19,188400,1375144,1563544,10,0.8795,1,158.699,156.7131
2023-07-20,188400,1357226,1545627,10,0.8781,1,157.3189,154.7652
2023-07-21,188400,1349255,1537655,10,0.8775,1,157.5882,154.1159
2023-07-24,188400,1365084,1553485,10,0.8787,1,158.8336,155.971
2023-07-25,188400,1374269,1562669,10,0.8794,1,159.1365,155.7391
2023-07-26,188400,1371801,1560201,10,0.8792,1,158.9346,155.7391
2023-07-27,188400,1385787,1574187,10,0.8803,1,160.0453,156.8522
2023-07-28,188400,1378849,1567249,10,0.8798,1,159.5404,156.2493
2023-07-31,188400,1396156,1584556,10,0.8811,1,161.6272,158.1972
2023-08-01,188400,1376278,1564678,10,0.8796,1,162.7043,159.5422
2023-08-02,372251,1165275,1537526,9,0.7579,1,160.2473,155.971
2023-08-03,235559,1290931,1526491,9,0.8457,1,157.9585,153.3738
2023-08-04,54431,1483538,1537969,10,0.9646,1,158.396,153.513
2023-08-07,136268,1386092,1522360,10,0.9105,1,159.2038,153.8376
2023-08-08,136268,1386818,1523086,10,0.9105,1,159.6414,154.255
2023-08-09,136268,1394435,1530703,10,0.911,1,159.1029,153.5593
2023-08-10,136268,1407786,1544054,10,0.9117,1,160.6175,154.8115
2023-08-14,136268,1379846,1516114,10,0.9101,1,158.9683,152.91
2023-08-15,26390,1500768,1527158,10,0.9827,1,159.5068,153.6521
2023-08-16,26390,1470604,1496994,10,0.9824,1,157.6219,151.4723
2023-08-17,170893,1312501,1483394,10,0.8848,1,156.9151,150.7766
2023-08-18,343892,1134968,1478860,9,0.7675,1,155.7371,149.9882
2023-08-21,165530,1313639,1479169,10,0.8881,1,156.2419,150.4056
2023-08-22,165530,1338495,1504025,10,0.8899,1,157.8239,152.0288
2023-08-23,165530,1337970,1503501,10,0.8899,1,158.699,152.7709
2023-08-24,165530,1349156,1514686,10,0.8907,1,159.3385,153.7912
2023-08-25,165530,1333136,1498666,10,0.8895,1,157.9248,150.823
2023-08-28,165530,1367353,1532884,10,0.892,1,160.2473,153.513
2023-08-29,165530,1369394,1534924,10,0.8922,1,160.5165,153.513
2023-08-30,165530,1388690,1554220,10,0.8935,1,161.257,154.1623
2023-08-31,165530,1400038,1565568,10,0.8943,1,162.1995,155.5072
2023-09-01,165530,1411324,1576855,10,0.895,1,163.6468,156.1565
2023-09-04,165530,1434533,1600063,10,0.8965,1,165.4306,157.0377
2023-09-05,165530,1437787,1603317,10,0.8968,1,165.5316,157.316
2023-09-06,165530,1453891,1619421,10,0.8978,1,166.8443,158.5682
2023-09-07,165530,1453694,1619224,10,0.8978,1,166.1038,157.4087
2023-09-08,165530,1440060,1605590,10,0.8969,1,164.3536,155.4609
2023-09-11,165530,1441344,1606874,10,0.897,1,164.5555,154.9507
2023-09-12,165530,1430782,1596312,10,0.8963,1,165.9355,156.4348
2023-09-13,197539,1394800,1592340,10,0.8759,1,165.8682,156.0638
2023-09-14,160764,1455039,1615803,10,0.9005,1,167.6857,158.2899
2023-09-15,160764,1469527,1630291,10,0.9014,1,169.335,160.0987
2023-09-19,160764,1489361,1650124,10,0.9026,1,169.335,158.5682
2023-09-20,24286,1610506,1634792,10,0.9851,1,167.6184,157.4551
2023-09-21,24286,1604276,1628562,10,0.9851,1,166.2048,155.4145
2023-09-22,24286,1591266,1615551,10,0.985,1,165.5989,154.626
2023-09-25,24286,1584348,1608634,10,0.9849,1,166.4404,156.0638
2023-09-26,24286,1581061,1605347,10,0.9849,1,165.4643,154.3941
2023-09-27,205728,1397193,1602921,10,0.8717,1,165.7335,154.2086
2023-09-28,205728,1397909,1603637,10,0.8717,1,165.0604,153.0028
2023-09-29,205728,1369889,1575617,10,0.8694,1,163.4111,153.0955
2023-10-02,726190,858852,1585043,8,0.5418,1,162.839,152.6781
2023-10-03,346948,1215774,1562722,10,0.778,1,160.0789,150.0346
2023-10-04,245919,1266575,1512494,10,0.8374,1,156.0736,146.6953
2023-10-05,737901,813150,1551051,6,0.5243,1,159.2038,149.1534
2023-10-06,55624,1502176,1557800,10,0.9643,1,159.2038,149.0142
2023-10-10,55624,1549938,1605561,10,0.9654,1,162.4687,152.5854
2023-10-11,55624,1557500,1613124,10,0.9655,1,162.2331,153.4666
2023-10-12,55624,1597411,1653034,10,0.9664,1,164.5892,155.971
2023-10-13,55624,1562207,1617831,10,0.9656,1,162.3341,155.1826
2023-10-16,55624,1541579,1597202,10,0.9652,1,159.7424,151.9361
2023-10-17,55624,1562072,1617696,10,0.9656,1,161.156,153.7448
2023-10-18,55624,1567115,1622739,10,0.9657,1,161.459,153.9304
2023-10-19,55624,1542061,1597685,10,0.9652,1,159.2038,151.1013
2023-10-20,55624,1533523,1589147,10,0.965,1,158.6316,150.3128
2023-10-23,55624,1531307,1586931,10,0.9649,1,157.42,148.9679
2023-10-24,55624,1520093,1575717,10,0.9647,1,157.4873,149.3853
2023-10-25,158737,1429858,1588595,10,0.9001,1,158.497,150.1273
2023-10-26,158737,1401701,1560439,10,0.8983,1,156.2756,146.8808
2023-10-27,336821,1238004,1574824,9,0.7861,1,158.7663,149.0142
2023-10-30,150052,1416665,1566716,10,0.9042,1,156.8814,147.4837
2023-10-31,150052,1439245,1589296,10,0.9056,1,158.6316,148.2722
2023-11-01,150052,1485631,1635683,10,0.9083,1,162.4687,151.6578
2023-11-02,150052,1489119,1639171,10,0.9085,1,163.2765,153.513
2023-11-06,150052,1492972,1643023,10,0.9087,1,165.9355,156.945
2023-11-07,150052,1470987,1621039,10,0.9074,1,163.8824,154.9507
2023-11-08,150052,1448118,1598169,10,0.9061,1,162.0984,154.4869
2023-11-09,343621,1273569,1617189,8,0.7875,1,164.2189,156.8986
2023-11-10,5883,1624190,1630074,10,0.9964,1,164.3536,156.4348
2023-11-13,5883,1626659,1632543,10,0.9964,1,164.2526,156.3884
2023-11-14,5883,1635078,1640962,10,0.9964,1,164.9258,157.2232
2023-11-15,5883,1643847,1649730,10,0.9964,1,166.9116,161.0727
2023-11-16,5883,1645498,1651381,10,0.9964,1,166.4404,160.377
2023-11-17,5883,1661433,1667317,10,0.9965,1,168.0559,161.2118
2023-11-20,5883,1639638,1645521,10,0.9964,1,166.878,160.3306
2023-11-21,372961,1269859,1642820,8,0.773,1,166.4741,160.1915
2023-11-22,121118,1525151,1646269,10,0.9264,1,167.1472,160.6089
2023-11-24,121118,1525595,1646714,10,0.9264,1,168.2243,161.5828
2023-11-27,122146,1517891,1640037,10,0.9255,1,167.6184,160.5161
2023-11-28,122146,1515901,1638048,10,0.9254,1,167.2482,160.4233
2023-11-29,122146,1506303,1628449,10,0.925,1,166.2384,159.9596
2023-11-30,122146,1513572,1635718,10,0.9253,1,167.0799,160.748
2023-12-01,122146,1518134,1640280,10,0.9255,1,167.6184,160.6553
2023-12-04,122146,1510226,1632373,10,0.9252,1,166.0702,159.4494
2023-12-05,228594,1371483,1600077,9,0.8571,1,164.6901,157.4551
2023-12-06,36116,1591252,1627367,10,0.9778,1,168.0223,160.5161
2023-12-07,36116,1562557,1598673,10,0.9774,1,165.9018,157.9189
2023-12-08,150447,1426666,1577114,10,0.9046,1,163.2092,155.1362
2023-12-11,186048,1412919,1598967,10,0.8836,1,165.8346,157.5015
2023-12-12,186048,1417368,1603417,10,0.884,1,165.5316,157.6406
2023-12-13,186048,1431887,1617936,10,0.885,1,165.6326,158.1972
2023-12-14,185040,1411327,1596367,10,0.8841,1,163.3101,156.945
2023-12-15,165628,1422313,1587941,10,0.8957,1,164.1516,158.3363
2023-12-18,498486,1068968,1567454,7,0.682,1,162.9062,157.316
2023-12-19,195216,1382364,1577580,9,0.8763,1,164.1852,159.4494
2023-12-20,6405,1584726,1591132,10,0.996,1,165.4306,161.8611
2023-12-21,6405,1561994,1568400,10,0.9959,1,163.7141,159.032
2023-12-22,6405,1561236,1567641,10,0.9959,1,164.3536,159.2639
2023-12-25,186865,1382082,1568947,9,0.8809,1,164.4209,159.7741
2023-12-26,227,1574389,1574616,10,0.9999,1,164.4545,159.7741
2023-12-27,227,1592992,1593219,10,0.9999,1,166.3394,161.722
2023-12-28,227,1592610,1592837,10,0.9999,1,166.2384,161.3973
2023-12-29,227,1588572,1588799,10,0.9999,1,166.575,160.748
2024-01-04,227,1589723,1589950,10,0.9999,1,167.4164,160.0523
2024-01-05,227,1590343,1590570,10,0.9999,1,168.4262,160.7016
2024-01-09,227,1609115,1609342,10,0.9999,1,169.7725,162.464
2024-01-10,227,1622639,1622867,10,0.9999,1,172.0613,165.8033
2024-01-11,227,1653968,1654195,10,0.9999,1,174.754,168.7715
2024-01-12,227,1670406,1670633,10,0.9999,1,175.5954,171.0904
2024-01-15,227,1687621,1687848,10,0.9999,1,176.4369,171.5078
2024-01-16,227,1689073,1689300,10,0.9999,1,176.4705,171.5542
2024-01-17,227,1683885,1684112,10,0.9999,1,175.5954,170.7658
2024-01-18,227,1687618,1687845,10,0.9999,1,175.3934,170.5339
2024-01-19,227,1721879,1722106,10,0.9999,1,176.6725,173.0847
2024-01-22,127222,1620635,1747857,9,0.9272,1,179.2979,175.9138
2024-01-23,1127,1736158,1737285,10,0.9994,1,179.0286,175.7283
2024-01-24,1127,1730534,1731661,10,0.9993,1,177.9852,174.2442
2024-01-25,1127,1741015,1742143,10,0.9994,1,178.1871,174.3833
2024-01-26,1127,1698413,1699540,10,0.9993,1,175.831,171.9252
2024-01-29,1127,1719766,1720893,10,0.9993,1,177.9515,173.363
2024-01-30,134182,1591676,1725858,9,0.9223,1,177.9515,173.5021
2024-01-31,4167,1741068,1745235,10,0.9976,1,179.7354,174.5688
2024-02-01,4167,1726742,1730910,10,0.9976,1,178.3554,172.9919
2024-02-02,4167,1748529,1752697,10,0.9976,1,178.8939,174.0123
2024-02-05,4167,1747614,1751782,10,0.9976,1,180.3076,175.079
2024-02-06,4167,1725034,1729202,10,0.9976,1,178.8266,173.9659
2024-02-07,194373,1542072,1736445,9,0.8881,1,179.6008,173.8731
2024-02-08,943,1747663,1748606,10,0.9995,1,180.5096,177.3979
2024-02-09,120870,1628232,1749102,9,0.9309,1,180.1393,177.4443
2024-02-13,195818,1596443,1792261,9,0.8907,1,184.1447,182.6387
2024-02-14,2179,1790157,1792337,10,0.9988,1,181.9569,181.5256
2024-02-15,2179,1826681,1828861,10,0.9988,1,182.832,183.6126
2024-02-16,2179,1847439,1849619,10,0.9988,1,185.1208,185.2823
2024-02-19,2179,1844690,1846869,10,0.9988,1,186.0296,184.9576
2024-02-20,2179,1838972,1841152,10,0.9988,1,185.9622,184.6793
2024-02-21,2179,1826072,1828252,10,0.9988,1,185.0198,184.1692
2024-02-22,2179,1880203,1882382,10,0.9988,1,187.5442,188.2041
2024-02-26,2179,1901030,1903209,10,0.9989,1,188.3856,188.5751
2024-02-27,2179,1900855,1903035,10,0.9989,1,188.6212,188.8998
2024-02-28,2179,1887486,1889665,10,0.9988,1,188.4193,188.6679
2024-02-29,2179,1896761,1898941,10,0.9989,1,188.8232,188.6215
2024-03-01,2179,1941451,1943630,10,0.9989,1,190.809,192.1927
2024-03-04,2179,1961128,1963307,10,0.9989,1,190.809,193.0275
2024-03-05,2179,1975977,1978157,10,0.9989,1,191.7514,193.213
2024-03-06,2179,1981353,1983532,10,0.9989,1,192.4246,193.0275
2024-03-07,2179,1958581,1960760,10,0.9989,1,191.5158,190.523
2024-03-08,2179,1976191,1978371,10,0.9989,1,191.9197,190.8477
2024-03-11,2179,1914666,1916846,10,0.9989,1,187.9144,186.9519
2024-03-12,2179,1907457,1909637,10,0.9989,1,187.1066,186.9055
2024-03-13,206864,1712798,1919662,9,0.8922,1,186.6017,186.2562
2024-03-14,1141,1929935,1931077,10,0.9994,1,187.7125,186.9055
2024-03-15,165162,1749679,1914842,9,0.9137,1,188.2173,186.2562
2024-03-18,356564,1590879,1947443,8,0.8169,1,191.8188,191.1723
2024-03-19,70460,1897291,1967752,10,0.9642,1,193.8719,192.2854
2024-03-21,70460,1939996,2010457,10,0.965,1,197.0695,196.274
2024-03-22,70460,1940079,2010540,10,0.965,1,198.3485,196.7841
2024-03-25,203094,1803987,2007081,10,0.8988,1,195.7231,194.558
2024-03-26,203094,1816170,2019264,10,0.8994,1,196.1607,194.6507
2024-03-27,203094,1810631,2013724,10,0.8991,1,197.1704,196.0421
2024-03-28,203094,1806305,2009399,10,0.8989,1,195.7904,194.4188
2024-03-29,203094,1822312,2025406,10,0.8997,1,196.8002,195.3928
2024-04-01,203094,1766154,1969248,10,0.8969,1,193.367,192.8883
2024-04-02,203094,1784450,1987544,10,0.8978,1,192.7948,193.0275
2024-04-03,203094,1770485,1973578,10,0.8971,1,192.3573,191.2187
2024-04-04,226857,1791525,2018382,10,0.8876,1,194.3094,192.9347
2024-04-05,226857,1768458,1995315,10,0.8863,1,192.1217,188.9462
2024-04-08,226857,1806027,2032884,10,0.8884,1,193.9392,190.3375
2024-04-09,226857,1832094,2058951,10,0.8898,1,195.7231,192.5173
2024-04-10,226857,1817491,2044348,10,0.889,1,194.9826,191.6361
2024-04-11,226857,1843257,2070114,10,0.8904,1,195.3192,191.0332
2024-04-12,226857,1852451,2079308,10,0.8909,1,196.2953,191.5897
2024-04-15,226857,1842834,2069691,10,0.8904,1,195.5212,189.8273
2024-04-16,226857,1759076,1985933,10,0.8858,1,191.5831,186.2562
2024-04-17,226857,1740216,1967073,10,0.8847,1,189.2607,184.03
2024-04-18,383801,1579673,1963474,10,0.8045,1,190.3715,184.4011
2024-04-19,383801,1528691,1912491,10,0.7993,1,186.77,179.4849
2024-04-22,699536,1213657,1913193,7,0.6344,1,189.429,181.4329
2024-04-23,212461,1707338,1919799,9,0.8893,1,188.7558,182.1285
2024-04-24,39520,1904819,1944339,10,0.9797,1,192.4919,186.0243
2024-04-25,39520,1865500,1905020,10,0.9793,1,189.4963,182.2676
2024-04-26,39520,1883689,1923209,10,0.9795,1,190.708,183.7054
2024-04-30,39520,1940026,1979546,10,0.98,1,194.747,185.7924
2024-05-01,39520,1929824,1969344,10,0.9799,1,193.9729,185.1895
2024-05-02,39520,1944394,1983914,10,0.9801,1,194.1412,185.1895
2024-05-07,39520,1948698,1988218,10,0.9801,1,195.2856,187.8331
2024-05-08,39520,1899463,1938983,10,0.9796,1,192.6602,185.0967
2024-05-09,144244,1792140,1936384,10,0.9255,1,192.9295,184.4011
2024-05-10,235775,1717579,1953354,10,0.8793,1,193.9392,185.1895
2024-05-13,235775,1703189,1938965,10,0.8784,1,193.7709,184.8185
2024-05-14,235775,1694143,1929918,10,0.8778,1,194.0402,185.5605
2024-05-15,235775,1686244,1922020,10,0.8773,1,194.3768,185.8388
2024-05-16,278044,1659655,1937699,10,0.8565,1,194.6461,188.4824
2024-05-17,278044,1678843,1956887,10,0.8579,1,195.3865,187.7403
2024-05-20,278044,1694714,1972758,10,0.8591,1,197.1031,189.3636
2024-05-21,278044,1738008,2016052,10,0.8621,1,196.3627,188.6215
2024-05-22,278044,1729206,2007250,10,0.8615,1,194.747,187.091
2024-05-23,278044,1751636,2029680,10,0.863,1,196.0934,189.4099
2024-05-24,278044,1755345,2033389,10,0.8633,1,194.9826,187.1838
2024-05-27,278044,1790627,2068671,10,0.8656,1,196.9011,188.3433
2024-05-28,278044,1817377,2095421,10,0.8673,1,197.0021,188.2041
2024-05-29,278044,1802821,2080865,10,0.8664,1,195.0836,186.6272
2024-05-30,278044,1784846,2062890,10,0.8652,1,193.9055,184.1692
2024-05-31,148773,1940337,2089110,10,0.9288,1,198.5841,186.4417
2024-06-03,148773,1971439,2120212,10,0.9298,1,199.1563,188.5751
2024-06-04,148773,1941381,2090154,10,0.9288,1,198.4157,188.065
2024-06-05,148773,1886300,2035073,10,0.9269,1,195.5212,186.349
2024-06-06,238653,1808650,2047302,10,0.8834,1,196.1607,187.6476
2024-06-07,238653,1798409,2037062,10,0.8828,1,196.0597,187.2302
2024-06-10,238653,1830225,2068878,10,0.8846,1,198.0792,189.0853
2024-06-11,238653,1831759,2070412,10,0.8847,1,197.6753,189.4563
2024-06-12,238653,1819185,2057838,10,0.884,1,195.9924,188.2968
2024-06-13,238653,1808338,2046991,10,0.8834,1,194.2085,187.5084
2024-06-14,238653,1826897,2065550,10,0.8845,1,195.4201,188.065
2024-06-17,237369,1787158,2024527,10,0.8828,1,192.0544,184.4474
2024-06-18,256195,1779826,2036021,10,0.8742,1,193.2661,186.1171
2024-06-19,256195,1789414,2045609,10,0.8748,1,194.3094,186.5345
2024-06-20,256195,1786653,2042848,10,0.8746,1,194.0402,187.0446
2024-06-21,256195,1793061,2049255,10,0.875,1,193.8383,186.9983
2024-06-24,256195,1789938,2046132,10,0.8748,1,194.9826,187.9722
2024-06-25,256195,1833036,2089231,10,0.8774,1,198.4157,189.7346
2024-06-26,131853,1964074,2095927,10,0.9371,1,199.2572,192.239
2024-06-27,131853,1969833,2101686,10,0.9373,1,198.6177,190.6158
2024-06-28,131853,1991252,2123105,10,0.9379,1,199.8295,191.7289
2024-07-01,131853,2008569,2140423,10,0.9384,1,200.9738,191.868
2024-07-02,131853,2055407,2187260,10,0.9397,1,203.2289,193.955
2024-07-03,131853,2061959,2193813,10,0.9399,1,205.1138,196.4131
2024-07-04,131853,2063619,2195472,10,0.9399,1,206.5947,198.0363
2024-07-05,131853,2057260,2189113,10,0.9398,1,204.9792,195.1609
2024-07-08,194202,1975480,2169682,10,0.9105,1,204.306,197.8297
2024-07-09,194202,1980315,2174516,10,0.9107,1,202.2865,201.7364
2024-07-10,194202,1986151,2180353,10,0.9109,1,207.5649,202.9602
2024-07-11,194202,1972925,2167127,10,0.9104,1,208.9377,204.7958
2024-07-12,258216,1858345,2116560,10,0.878,1,206.398,199.8536
2024-07-16,187640,1960519,2148159,10,0.9127,1,206.7412,200.089
2024-07-17,187640,1955489,2143129,10,0.9124,1,207.6335,199.2417
2024-07-18,187640,1927053,2114693,10,0.9113,1,204.2015,194.629
2024-07-19,328579,1780651,2109230,9,0.8442,1,202.6229,194.1583
2024-07-22,75794,2001876,2077670,10,0.9635,1,201.353,191.899
2024-07-23,492831,1596306,2089137,8,0.7641,1,202.0051,192.0402
2024-07-24,4403,2039044,2043447,10,0.9978,1,198.8477,189.6868
2024-07-25,122260,1833294,1955554,9,0.9375,1,193.3909,184.1798
2024-07-26,1295087,649277,1944364,4,0.3339,1,194.2488,182.6736
2024-07-29,3802,1966988,1970790,10,0.9981,1,196.5139,186.6273
2024-07-30,3802,1966583,1970385,10,0.9981,1,196.1021,186.7685
2024-07-31,70637,1918650,1989287,9,0.9645,1,199.0879,189.6868
2024-08-01,674,1904145,1904819,10,0.9996,1,192.6015,184.7917
2024-08-02,330147,1482754,1812901,8,0.8179,0,180.8299,174.3895
2024-08-05,1160277,540956,1701232,3,0.318,0,161.2677,154.5265
2024-08-06,1725190,0,1725190,0,0.0,0,171.0145,166.1054
2024-08-07,1725190,0,1725190,0,0.0,0,177.3636,170.3416
2024-08-08,1725190,0,1725190,0,0.0,0,175.3045,168.8824
2024-08-09,1725190,0,1725190,0,0.0,0,177.1577,170.1062
2024-08-13,1725190,0,1725190,0,0.0,0,181.6879,175.5191
2024-08-14,1725190,0,1725190,0,0.0,0,183.7471,176.6488
2024-08-15,1725190,0,1725190,0,0.0,1,185.1542,177.8726
2024-08-16,476192,1258693,1734885,10,0.7255,1,191.0228,184.6504
2024-08-19,476192,1241915,1718107,10,0.7228,1,188.2086,181.2144
2024-08-20,476192,1258969,1735161,10,0.7256,1,190.1648,184.7446
2024-08-21,476192,1261583,1737775,10,0.726,1,189.753,184.1327
2024-08-22,476192,1276734,1752927,10,0.7283,1,190.4737,185.0741
2024-08-23,476192,1292672,1768865,10,0.7308,1,191.4347,186.0625
2024-08-26,476192,1285074,1761266,10,0.7296,1,189.4785,184.5092
2024-08-27,476192,1299237,1775430,10,0.7318,1,190.8169,185.5918
2024-08-28,476192,1295499,1771691,10,0.7312,1,191.7779,186.1096
2024-08-29,476192,1306160,1782352,10,0.7328,1,191.8808,186.0154
2024-08-30,476192,1311089,1787281,10,0.7336,1,192.9447,187.2392
2024-09-02,476192,1315606,1791798,10,0.7342,1,193.3565,187.5216
2024-09-03,476192,1311670,1787862,10,0.7337,1,194.5234,187.757
2024-09-04,476192,1269089,1745281,10,0.7272,1,187.385,179.6141
2024-09-05,441230,1296314,1737544,10,0.7461,1,186.8701,177.8726
2024-09-06,361379,1376946,1738325,10,0.7921,0,184.9826,176.6017
2024-09-09,435506,1301198,1736704,9,0.7492,0,184.056,175.5191
2024-09-10,561780,1175784,1737563,8,0.6767,0,183.5068,175.0014
2024-09-11,794349,934115,1728464,6,0.5404,0,180.3837,172.8362
2024-09-12,923915,829963,1753877,5,0.4732,0,184.708,178.6727
2024-09-13,923915,813288,1737202,5,0.4682,0,182.9234,177.4489
2024-09-17,923915,824411,1748325,5,0.4715,0,182.4429,175.7074
2024-09-18,923915,820500,1744414,5,0.4704,0,182.5115,176.3193
2024-09-19,923915,832018,1755932,5,0.4738,0,186.424,180.0377
2024-09-20,923915,831362,1755276,5,0.4736,1,188.14,183.003
2024-09-24,1072,1772486,1773559,10,0.9994,1,189.2039,184.2739
2024-09-25,1072,1743622,1744695,10,0.9994,1,188.8607,183.662
2024-09-26,1072,1806104,1807176,10,0.9994,1,193.4938,188.3689
2024-09-27,1072,1839186,1840258,10,0.9994,1,196.411,194.0642
2024-09-30,1072,1771075,1772147,10,0.9994,1,189.9246,185.2153
2024-10-01,1072,1804668,1805740,10,0.9994,1,193.5625,188.4159
2024-10-02,1072,1761836,1762909,10,0.9994,1,190.3707,184.5092
2024-10-03,1072,1779746,1780818,10,0.9994,1,192.7731,188.0394
2024-10-04,1072,1773747,1774819,10,0.9994,1,193.6654,188.3689
2024-10-07,167253,1636469,1803723,9,0.9073,1,197.4062,192.0873
2024-10-08,36988,1766485,1803473,10,0.9795,1,194.4548,190.0633
2024-10-09,36988,1792774,1829762,10,0.9798,1,194.5577,191.7108
2024-10-10,36988,1793912,1830900,10,0.9798,1,195.2784,192.2756
2024-10-11,36988,1795677,1832665,10,0.9798,1,194.6264,193.1228
2024-10-15,36988,1812514,1849502,10,0.98,1,195.6216,195.0056
2024-10-16,36988,1802690,1839678,10,0.9799,1,193.8714,191.4283
2024-10-17,197350,1640583,1837932,10,0.8926,1,193.2536,190.2516
2024-10-18,160197,1679540,1839736,10,0.9129,1,193.3909,190.1575
2024-10-21,160197,1656160,1816357,10,0.9118,1,192.8761,190.5811
2024-10-22,160197,1634650,1794847,10,0.9107,1,190.7826,187.5687
2024-10-23,160197,1612867,1773064,10,0.9096,0,189.8216,185.9684
2024-10-24,160197,1623416,1783613,10,0.9102,0,189.7187,186.3449
2024-10-25,352024,1416707,1768731,9,0.801,0,188.4145,184.9329
2024-10-28,352024,1425865,1777889,9,0.802,1,191.2974,188.5571
2024-10-29,161413,1637908,1799321,10,0.9103,1,192.8761,189.828
2024-10-30,161413,1646569,1807983,10,0.9107,1,194.8323,191.5695
2024-10-31,161413,1641494,1802907,10,0.9105,1,193.4252,190.7694
2024-11-01,177768,1560560,1738328,10,0.8977,0,190.3364,185.6859
2024-11-05,522826,1222673,1745499,8,0.7005,0,190.5424,187.9923
2024-11-06,813418,992216,1805633,6,0.5495,1,195.45,192.7463
2024-11-07,56088,1755770,1811859,10,0.969,1,197.0631,192.0873
2024-11-08,56088,1769426,1825515,10,0.9693,1,196.7199,192.5109
2024-11-11,56088,1768241,1824330,10,0.9693,1,197.1317,192.8875
2024-11-12,56088,1763911,1819999,10,0.9692,1,196.9258,191.8049
2024-11-13,56088,1728801,1784889,10,0.9686,1,194.798,189.169
2024-11-14,56088,1722606,1778694,10,0.9685,1,194.4204,188.0394
2024-11-15,56088,1728135,1784223,10,0.9686,1,195.0725,188.8396
2024-11-18,56088,1705464,1761552,10,0.9682,1,193.7684,186.8156
2024-11-19,224876,1549875,1774751,10,0.8733,1,195.0725,187.4275
2024-11-20,224876,1565266,1790142,10,0.8744,1,194.3175,187.3804
2024-11-21,224876,1540284,1765161,10,0.8726,1,192.9447,185.6859
2024-11-22,224876,1542224,1767100,10,0.8727,1,193.8714,187.098
2024-11-25,224876,1547382,1772258,10,0.8731,1,195.1411,189.2632
2024-11-26,283077,1446838,1729915,10,0.8364,1,193.7684,187.8041
2024-11-27,466230,1256194,1722425,8,0.7293,0,192.0181,186.2508
2024-11-28,796891,918499,1715390,6,0.5354,1,193.4938,187.3804
2024-11-29,16912,1705470,1722383,10,0.9902,0,192.4986,186.5332
2024-12-02,16912,1732524,1749436,10,0.9903,1,195.2784,187.9452
2024-12-03,16912,1757352,1774264,10,0.9905,1,197.6122,191.4754
2024-12-04,16912,1763858,1780770,10,0.9905,1,196.8228,191.6166
2024-12-05,16912,1774289,1791202,10,0.9906,1,196.9601,192.2285
2024-12-06,16912,1753715,1770627,10,0.9904,1,196.1707,190.7223
2024-12-09,16912,1770134,1787047,10,0.9905,1,196.7885,191.2871
2024-12-10,16912,1766552,1783464,10,0.9905,1,197.0631,192.1344
2024-12-11,16912,1776834,1793746,10,0.9906,1,197.9897,192.3226
2024-12-12,16912,1796348,1813260,10,0.9907,1,199.4654,194.629
2024-12-13,16912,1778685,1795597,10,0.9906,1,197.7151,192.6521
2024-12-16,16912,1777322,1794235,10,0.9906,1,196.8915,192.558
2024-12-17,16912,1775115,1792028,10,0.9906,1,195.9305,192.3226
2024-12-18,16912,1748539,1765451,10,0.9904,1,195.7932,191.0518
2024-12-19,16912,1748004,1764917,10,0.9904,1,195.2441,189.4515
2024-12-20,190499,1568999,1759498,9,0.8917,1,194.2832,189.0278
2024-12-23,66247,1712592,1778840,10,0.9628,1,196.2737,191.3813
2024-12-24,66247,1708819,1775066,10,0.9627,1,196.411,190.8635
2024-12-25,66247,1710346,1776594,10,0.9627,1,196.411,191.0989
2024-12-26,218388,1578925,1797313,10,0.8785,1,199.1566,192.9816
2024-12-27,218388,1599318,1817706,10,0.8799,1,202.0051,196.7942
2024-12-30,218388,1579824,1798212,10,0.8786,1,200.3577,195.1938
2025-01-06,218388,1560095,1778483,10,0.8772,1,198.3672,192.1814
2025-01-07,372444,1413645,1786089,9,0.7915,1,200.9412,195.7587
2025-01-08,238132,1539116,1777249,10,0.866,1,199.5684,195.5233
2025-01-09,238132,1513736,1751869,10,0.8641,1,197.0973,193.7347
2025-01-10,238132,1512175,1750307,10,0.8639,1,195.45,191.8049
2025-01-14,185504,1542932,1728436,10,0.8927,0,193.2879,188.0394
2025-01-15,517679,1225442,1743122,8,0.703,1,193.9743,187.8982
2025-01-16,98126,1647320,1745447,10,0.9438,0,193.7341,188.5101
2025-01-17,98126,1639630,1737756,10,0.9435,0,192.8418,188.0865
2025-01-20,98126,1665290,1763416,10,0.9444,1,195.2441,189.9692
2025-01-21,98126,1650761,1748887,10,0.9439,1,195.4157,190.6752
2025-01-22,98126,1651688,1749814,10,0.9439,1,197.2689,193.5464
2025-01-23,194208,1568585,1762793,10,0.8898,1,198.2643,195.2409
2025-01-24,194208,1566066,1760274,10,0.8897,1,198.0583,195.1938
2025-01-27,194208,1561407,1755615,10,0.8894,1,198.6761,193.4052
2025-01-28,91080,1660436,1751515,10,0.948,1,198.5045,190.8635
2025-01-29,118828,1652067,1770894,10,0.9329,1,200.0489,192.6992
2025-01-30,118828,1654764,1773591,10,0.933,1,200.4263,193.1228
2025-01-31,118828,1678107,1796935,10,0.9339,1,200.7696,193.5464
2025-02-03,118828,1655322,1774149,10,0.933,1,195.8619,188.2277
2025-02-04,118828,1671594,1790421,10,0.9336,1,197.2003,189.4985
2025-02-05,118828,1660697,1779525,10,0.9332,1,197.7494,189.8751
2025-02-06,118828,1661504,1780331,10,0.9333,1,198.4015,191.0518
2025-02-07,118828,1647641,1766469,10,0.9327,1,197.2003,189.7809
2025-02-10,118828,1648445,1767273,10,0.9328,1,196.9944,189.7809
2025-02-12,118828,1624466,1743293,10,0.9318,1,196.9601,190.4399
2025-02-13,213280,1583297,1796577,10,0.8813,1,199.2938,192.8875
2025-02-14,213280,1571426,1784707,10,0.8805,1,198.7447,191.3342
2025-02-17,213280,1585753,1799033,10,0.8814,1,199.3625,191.4283
2025-02-18,59742,1763408,1823150,10,0.9672,1,199.8773,192.0873
2025-02-19,59742,1767190,1826932,10,0.9673,1,199.3625,191.5225
2025-02-20,59742,1736110,1795851,10,0.9667,1,196.9258,189.0278
2025-02-21,59742,1737059,1796801,10,0.9668,1,197.166,189.6397
2025-02-25,59742,1706853,1766595,10,0.9662,1,196.3766,187.1451
2025-02-26,161092,1589952,1751044,10,0.908,1,195.9305,186.392
2025-02-27,228478,1547769,1776247,10,0.8714,1,197.3033,187.1451
2025-02-28,228478,1517344,1745822,10,0.8691,0,193.1163,181.8734
2025-03-03,645805,1125923,1771728,8,0.6355,1,196.7542,185.027
2025-03-04,289875,1491736,1781612,10,0.8373,1,195.3127,182.5323
2025-03-05,289875,1496986,1786862,10,0.8378,1,195.8276,183.003
2025-03-06,289875,1528112,1817987,10,0.8406,1,198.2643,184.5563
2025-03-07,289875,1482279,1772155,10,0.8364,1,195.2441,180.3672
2025-03-10,370700,1372790,1743490,9,0.7874,1,194.7637,181.2144
2025-03-11,170618,1544196,1714815,10,0.9005,0,192.6702,179.9907
2025-03-12,427304,1307226,1734530,8,0.7536,0,194.3175,180.0377
2025-03-13,427304,1320381,1747686,8,0.7555,1,194.798,179.9907
2025-03-14,13220,1750830,1764050,10,0.9925,1,196.0335,181.4498
2025-03-17,13220,1808614,1821833,10,0.9927,1,198.0583,182.9089
2025-03-18,13220,1810078,1823298,10,0.9927,1,200.7352,185.1211
2025-03-19,13220,1827842,1841061,10,0.9928,1,201.4902,184.7917
2025-03-21,13220,1814411,1827630,10,0.9928,1,202.0394,184.2268
2025-03-24,13220,1806226,1819446,10,0.9927,1,201.353,184.0856
2025-03-25,13220,1804617,1817836,10,0.9927,1,201.7305,184.7917
2025-03-26,13220,1797031,1810251,10,0.9927,1,202.8974,186.0154
2025-03-27,13220,1813007,1826227,10,0.9928,1,202.5885,184.6034
2025-03-28,13220,1803727,1816947,10,0.9927,1,200.8725,182.8148
2025-03-31,13220,1743866,1757086,10,0.9925,0,193.837,175.8486
2025-04-01,13220,1756649,1769869,10,0.9925,0,193.6998,175.7545
2025-04-02,13220,1763055,1776275,10,0.9926,0,193.2879,176.084
2025-04-03,160771,1576404,1737175,9,0.9075,0,187.385,171.4712
2025-04-04,439060,1266032,1705092,7,0.7425,0,180.7269,166.8114
2025-04-07,1015088,577554,1592642,3,0.3626,0,166.9648,153.6792
2025-04-08,1611759,0,1611759,0,0.0,0,177.0204,162.6223
2025-04-09,1611759,0,1611759,0,0.0,0,171.0488,158.8568
2025-04-10,1611759,0,1611759,0,0.0,0,185.4287,170.0121
2025-04-11,1611759,0,1611759,0,0.0,0,179.6287,165.7759
2025-04-14,1611759,0,1611759,0,0.0,0,181.2074,167.7057
2025-04-15,1611759,0,1611759,0,0.0,0,183.095,169.0236
2025-04-16,1611759,0,1611759,0,0.0,0,181.7222,167.0938
2025-04-17,1611759,0,1611759,0,0.0,0,184.3305,169.3531
2025-04-18,1611759,0,1611759,0,0.0,0,186.3211,171.2829
2025-04-21,1611759,0,1611759,0,0.0,0,184.1588,168.9766
2025-04-22,1611759,0,1611759,0,0.0,0,184.5707,168.7883
2025-04-23,1611759,0,1611759,0,0.0,0,188.037,171.8948
2025-04-24,1611759,0,1611759,0,0.0,0,188.6204,172.5538
2025-04-25,1611759,0,1611759,0,0.0,0,191.5033,176.0369
2025-04-28,1611759,0,1611759,0,0.0,0,193.1506,176.6488
2025-04-30,1611759,0,1611759,0,0.0,1,194.5577,177.5901
2025-05-01,414925,1195366,1610291,10,0.7423,1,195.2784,179.7553
2025-05-02,414925,1200617,1615542,10,0.7432,1,195.7246,181.4498
2025-05-07,414925,1208450,1623376,10,0.7444,1,196.5826,181.3086
2025-05-08,414925,1204304,1619229,10,0.7438,1,196.6512,182.5794
2025-05-09,414925,1207227,1622152,10,0.7442,1,199.1566,184.6504
2025-05-12,414925,1169165,1584090,10,0.7381,1,200.0145,185.733
2025-05-13,315789,1271580,1587369,10,0.8011,1,202.1424,188.3218
2025-05-14,315789,1275904,1591693,10,0.8016,1,201.2501,188.0394
2025-05-15,315789,1268472,1584261,10,0.8007,1,199.4311,186.3449
2025-05-16,242751,1349475,1592226,10,0.8475,1,199.74,186.1567
2025-05-19,242751,1348397,1591148,10,0.8474,1,199.637,184.8387
2025-05-20,242751,1346427,1589177,10,0.8472,1,199.3282,184.8858
2025-05-21,242751,1342365,1585115,10,0.8469,1,199.1566,183.9915
2025-05-22,241471,1347351,1588822,10,0.848,1,197.8524,182.3912
2025-05-23,241471,1363594,1605065,10,0.8496,1,199.4654,183.0972
2025-05-26,241471,1380407,1621878,10,0.8511,1,200.5637,185.0741
2025-05-27,241471,1398908,1640379,10,0.8528,1,202.108,186.2037
2025-05-28,241471,1385237,1626709,10,0.8516,1,202.1424,186.1096
2025-05-29,241471,1398133,1639605,10,0.8527,1,204.8536,189.4985
2025-05-30,241471,1383601,1625072,10,0.8514,1,204.0299,187.5687
2025-06-02,222578,1411544,1634122,10,0.8638,1,202.3483,184.7446
2025-06-03,222578,1426674,1649252,10,0.865,1,202.0051,184.7917
2025-06-04,222578,1440099,1662677,10,0.8661,1,202.8974,186.2037
2025-06-05,222578,1415508,1638086,10,0.8641,1,200.7696,185.2153
2025-06-06,208327,1451621,1659949,10,0.8745,1,201.9364,186.0154
2025-06-09,208327,1461935,1670262,10,0.8753,1,202.966,187.8511
2025-06-10,208327,1455727,1664054,10,0.8748,1,202.7944,188.2747
2025-06-11,208327,1430449,1638776,10,0.8729,1,203.2406,189.3573
2025-06-12,208327,1444667,1652994,10,0.874,1,202.7944,188.0865
2025-06-13,208327,1448970,1657297,10,0.8743,1,200.7352,186.392
2025-06-16,201180,1478159,1679339,10,0.8802,1,202.4855,188.9337
2025-06-17,201180,1490823,1692003,10,0.8811,1,202.7944,190.0633
2025-06-18,201180,1498277,1699457,10,0.8816,1,204.785,191.5695
2025-06-19,201180,1483218,1684398,10,0.8806,1,203.4122,189.8751
2025-06-20,174101,1479827,1653928,10,0.8947,1,202.0737,189.4985
2025-06-23,109436,1534065,1643501,10,0.9334,1,201.2157,189.122
2025-06-24,109436,1540609,1650045,10,0.9337,1,202.5885,191.0989
2025-06-25,109436,1538991,1648427,10,0.9336,1,202.7258,191.9461
2025-06-26,109436,1544613,1654049,10,0.9338,1,204.4418,195.0997
2025-06-27,109436,1577579,1687015,10,0.9351,1,207.3589,198.065
2025-06-30,109436,1585069,1694505,10,0.9354,1,207.9767,199.6654
2025-07-01,109436,1577288,1686724,10,0.9351,1,206.5353,197.1237
2025-07-02,109436,1519347,1628783,10,0.9328,1,205.9175,196.0881
2025-07-03,221893,1386666,1608558,9,0.8621,1,206.1921,195.994
2025-07-04,189385,1416826,1606211,10,0.8821,1,206.4666,196.5118
2025-07-07,340842,1273093,1613935,9,0.7888,1,204.8879,191.899
2025-07-08,201492,1401590,1603082,10,0.8743,1,205.6087,196.1302
2025-07-09,201492,1389246,1590738,10,0.8733,1,201.6275,196.6573
2025-07-10,462280,1132195,1594476,8,0.7101,1,204.9317,195.8906
2025-07-11,80010,1507190,1587200,10,0.9496,1,206.1621,195.4114
2025-07-14,80010,1513314,1593325,10,0.9498,1,206.1972,194.9323
2025-07-15,80010,1522908,1602919,10,0.9501,1,206.2675,195.8906
2025-07-16,80010,1530179,1610189,10,0.9503,1,205.8106,195.7948
2025-07-17,80010,1544145,1624155,10,0.9507,1,207.3924,197.0407
2025-07-18,80010,1535207,1615217,10,0.9505,1,206.9706,196.7052
2025-07-22,80010,1548944,1628954,10,0.9509,1,206.9354,196.274
2025-07-23,80010,1559159,1639170,10,0.9512,1,213.7196,203.6055
2025-07-24,80010,1582184,1662194,10,0.9519,1,217.4456,206.6244
2025-07-25,80010,1579442,1659452,10,0.9518,1,215.2663,204.5639
2025-07-28,80010,1543367,1623377,10,0.9507,1,213.9305,202.5992
2025-07-29,137889,1478290,1616179,10,0.9147,1,212.2432,200.7304
2025-07-30,137889,1498933,1636822,10,0.9158,1,213.2275,200.5866
2025-07-31,137889,1521626,1659514,10,0.9169,1,214.8445,202.9826
2025-08-01,137889,1538598,1676487,10,0.9178,1,215.4069,201.6888
2025-08-04,137889,1534101,1671990,10,0.9175,1,212.8759,199.1012
2025-08-05,137889,1528394,1666283,10,0.9172,1,214.4929,200.2512
2025-08-06,158369,1526390,1684759,10,0.906,1,216.8832,201.4971
2025-08-07,158369,1539103,1697472,10,0.9067,1,218.219,202.6471
2025-08-08,158369,1548953,1707323,10,0.9072,1,220.7498,206.4327
2025-08-12,31810,1694972,1726782,10,0.9816,1,223.8432,210.937
2025-08-13,31810,1704805,1736615,10,0.9817,1,225.7413,213.7642
2025-08-14,31810,1677155,1708966,10,0.9814,1,223.351,210.6974
2025-08-15,31810,1699156,1730966,10,0.9816,1,227.0068,214.1476
2025-08-18,31810,1709421,1741231,10,0.9817,1,227.7801,215.8726
2025-08-19,31810,1681545,1713355,10,0.9814,1,227.5692,214.9622
2025-08-20,148034,1547103,1695137,10,0.9127,1,226.374,211.7037
2025-08-21,139106,1548061,1687166,10,0.9176,1,225.1789,210.6016
2025-08-22,139106,1561743,1700849,10,0.9182,1,226.374,210.362
2025-08-25,139106,1544895,1684001,10,0.9174,1,226.585,211.3204
2025-08-26,140118,1537846,1677964,10,0.9165,1,224.3353,209.4995
2025-08-27,140118,1537399,1677516,10,0.9165,1,224.1243,210.1224
2025-08-28,183415,1497316,1680731,10,0.8909,1,225.671,211.6079
2025-08-29,183415,1490106,1673520,10,0.8904,1,224.6868,211.2245
2025-09-01,83928,1584724,1668652,10,0.9497,1,223.6323,208.3494
2025-09-02,83928,1595034,1678962,10,0.95,1,225.2492,209.0203
2025-09-03,83928,1577159,1661087,10,0.9495,1,222.7183,207.0556
2025-09-04,83928,1603018,1686946,10,0.9502,1,224.8977,210.4099
2025-09-05,83928,1609684,1693612,10,0.9504,1,227.0771,212.5183
2025-09-08,83928,1626783,1710711,10,0.9509,1,229.3268,215.681
2025-09-09,83928,1612829,1696757,10,0.9505,1,228.1316,214.6747
2025-09-10,83928,1629350,1713278,10,0.951,1,229.2565,216.5435
2025-09-11,83928,1633567,1717495,10,0.9511,1,229.8892,219.179
2025-09-12,83928,1641662,1725590,10,0.9514,1,230.8734,220.9999
2025-09-16,83928,1638116,1722044,10,0.9513,1,231.5764,221.8145
2025-09-17,83928,1627640,1711568,10,0.951,1,229.7485,221.2395
2025-09-18,83928,1616096,1700024,10,0.9506,1,231.014,223.9708
2025-09-19,209638,1496223,1705861,10,0.8771,1,229.6079,222.2937
2025-09-22,220827,1489575,1710402,10,0.8709,1,231.014,224.7855
2025-09-24,220827,1517437,1738265,10,0.873,1,231.5061,225.5522
2025-09-25,220827,1520590,1741418,10,0.8732,1,232.8419,226.0793
2025-09-26,220827,1516069,1736896,10,0.8729,1,232.42,224.2104
2025-09-29,235506,1506878,1742385,10,0.8648,1,230.9437,223.7312
2025-09-30,235506,1531593,1767099,10,0.8667,1,230.8031,223.4437
2025-10-01,235506,1482815,1718321,10,0.8629,1,228.1316,221.6228
2025-10-02,235506,1472945,1708451,10,0.8622,1,227.4989,223.5875
2025-10-03,235506,1490084,1725590,10,0.8635,1,230.5922,227.6127
2025-10-06,235506,1576010,1811516,10,0.87,1,237.9739,238.7297
2025-10-07,235506,1570579,1806085,10,0.8696,1,237.8334,238.4422
2025-10-08,235506,1602170,1837676,10,0.8718,1,238.6066,237.4839
2025-10-09,235506,1603605,1839111,10,0.8719,1,240.083,241.6048
2025-10-10,235506,1557408,1792914,10,0.8686,1,235.5134,238.8735
2025-10-14,235506,1517521,1753028,10,0.8657,1,231.0844,232.8837
2025-10-15,703522,1078380,1781903,8,0.6052,1,234.951,237.1005
2025-10-16,339394,1449323,1788717,10,0.8103,1,235.8648,240.0714
2025-10-17,339394,1419225,1758619,10,0.807,1,233.6855,236.6692
2025-10-20,339394,1466402,1805796,10,0.8121,1,239.0285,244.432
2025-10-21,339394,1454707,1794101,10,0.8108,1,239.5909,245.055
2025-10-22,339394,1479128,1818522,10,0.8134,1,240.5049,245.1029
2025-10-23,339394,1492554,1831948,10,0.8147,1,239.5207,241.7965
2025-10-24,339394,1495829,1835223,10,0.8151,1,240.786,241.7965
2025-10-27,339394,1548574,1887968,10,0.8202,1,245.0042,251.2844
2025-10-28,339394,1526271,1865665,10,0.8181,1,242.4733,249.6551
2025-10-29,339394,1533533,1872928,10,0.8188,1,241.7,255.4533
2025-10-30,339394,1549811,1889205,10,0.8204,1,243.106,255.0699
2025-10-31,339394,1578462,1917856,10,0.823,1,245.4963,260.6285
2025-11-04,339394,1547544,1886938,10,0.8201,1,244.1606,256.5554
2025-11-05,339394,1516132,1855526,10,0.8171,1,240.8563,249.7989
2025-11-06,358311,1517100,1875411,10,0.8089,1,244.0903,252.6261
2025-11-07,358311,1453179,1811490,10,0.8022,1,242.8952,250.2301
2025-11-10,334789,1483211,1818001,10,0.8158,1,244.5824,253.3449
2025-11-11,334789,1476774,1811564,10,0.8152,1,244.723,252.8657
2025-11-12,267572,1553786,1821358,10,0.8531,1,247.6054,253.9678
2025-11-13,267572,1578093,1845664,10,0.855,1,249.5036,255.1178
2025-11-14,267572,1559659,1827231,10,0.8536,1,247.6054,250.5656
2025-11-17,131040,1686823,1817864,10,0.9279,1,246.5509,250.5177
2025-11-18,131040,1627938,1758979,10,0.9255,1,239.8018,242.7549
2025-11-19,439764,1331144,1770909,9,0.7517,1,239.38,241.7007
2025-11-20,308066,1516130,1824196,9,0.8311,1,243.1763,247.5946
2025-11-21,97897,1745080,1842977,10,0.9469,1,243.0357,242.1799
2025-11-25,97897,1750408,1848305,10,0.947,1,242.6139,241.9403
2025-11-26,97897,1788102,1885999,10,0.9481,1,247.4648,246.4446
2025-11-27,97897,1787619,1885516,10,0.9481,1,248.2381,249.3197
2025-11-28,97897,1784447,1882345,10,0.948,1,249.0115,249.751
2025-12-01,97897,1760114,1858011,10,0.9473,1,246.129,245.2945
2025-12-02,97897,1765183,1863080,10,0.9475,1,246.129,245.1029
2025-12-03,97897,1739812,1837709,10,0.9467,1,245.7776,248.0259
2025-12-04,204454,1659090,1863545,10,0.8903,1,250.6987,253.5845
2025-12-05,204454,1637270,1841724,10,0.889,1,247.6054,251.0448
2025-12-08,228684,1638914,1867598,10,0.8776,1,249.5739,251.3802
2025-12-09,228684,1637677,1866361,10,0.8775,1,249.4332,251.8594
2025-12-10,228684,1641153,1869837,10,0.8777,1,249.7145,251.476
2025-12-11,228684,1636522,1865206,10,0.8774,1,247.8163,249.4155
2025-12-12,287729,1605032,1892761,10,0.848,1,252.5969,252.9136
2025-12-15,287729,1609964,1897692,10,0.8484,1,253.5108,249.5114
2025-12-16,287729,1570560,1858288,10,0.8452,1,248.7302,245.8696
2025-12-17,287729,1565358,1853086,10,0.8447,1,248.6599,246.3488
2025-12-18,286394,1550738,1837132,10,0.8441,1,247.5351,243.9528
2025-12-19,195309,1661328,1856638,10,0.8948,1,249.7848,246.205
2025-12-22,195309,1679569,1874878,10,0.8958,1,251.1205,250.4218
2025-12-23,195309,1681073,1876383,10,0.8959,1,252.2454,250.6135
2025-12-24,195309,1668905,1864215,10,0.8952,1,251.1908,250.326
2025-12-25,195309,1671073,1866382,10,0.8954,1,252.1047,250.6135
2025-12-26,195309,1668072,1863381,10,0.8952,1,252.2454,252.1469
2025-12-29,162006,1708824,1870830,10,0.9134,1,253.0187,251.0927
2025-12-30,162006,1699155,1861161,10,0.913,1,251.6126,250.7093
2026-01-05,162006,1750051,1912057,10,0.9153,1,256.6041,258.2325
2026-01-06,162006,1793568,1955574,10,0.9172,1,261.1034,261.2514
2026-01-07,162006,1782734,1944740,10,0.9167,1,258.9944,258.5201
2026-01-08,162006,1781181,1943187,10,0.9166,1,256.9557,254.447
2026-01-09,70193,1894663,1964856,10,0.9643,1,259.4162,258.4721
2026-01-13,70193,1990606,2060799,10,0.9659,1,265.392,266.6183
2026-01-14,70193,2022361,2092554,10,0.9665,1,268.8368,270.6913
2026-01-15,70193,2035654,2105847,10,0.9667,1,270.9459,269.4455
2026-01-16,70193,2038820,2109013,10,0.9667,1,270.524,268.6308
2026-01-19,70193,2032869,2103062,10,0.9666,1,269.9616,266.8579
2026-01-20,70193,2018718,2088911,10,0.9664,1,267.4307,263.8869
2026-01-21,70193,2003298,2073492,10,0.9661,1,264.9701,262.5931
2026-01-22,205377,1874864,2080241,10,0.9013,1,267.2198,267.2412
2026-01-23,205377,1882099,2087476,10,0.9016,1,268.0634,268.1517
2026-01-26,205377,1842100,2047478,10,0.8997,1,262.158,263.4557
2026-01-27,287707,1776489,2064196,9,0.8606,1,262.9313,265.1807
2026-01-28,190874,1874627,2065502,10,0.9076,1,260.6817,265.4682
2026-01-29,190874,1871605,2062480,10,0.9075,1,261.455,265.6599
2026-01-30,190874,1843823,2034697,10,0.9062,1,263.2126,265.4203
2026-02-02,285061,1687797,1972858,9,0.8555,1,261.0332,262.3535
2026-02-03,124636,1926586,2051221,10,0.9392,1,269.3289,272.4164
2026-02-04,124636,1958642,2083277,10,0.9402,1,269.821,270.4038
2026-02-05,124636,1925230,2049866,10,0.9392,1,269.6804,268.535
2026-02-06,124636,1978380,2103016,10,0.9407,1,273.1252,270.2122
2026-02-09,124636,2062859,2187495,10,0.943,1,279.3118,280.5146
2026-02-10,124636,2138311,2262947,10,0.9449,1,284.5142,286.9357
2026-02-12,124636,2160201,2284837,10,0.9455,1,286.6233,287.0795
2026-02-13,124636,2085055,2209690,10,0.9436,1,282.0536,283.6772
2026-02-16,198022,1977007,2175029,10,0.909,1,279.8743,283.1501
2026-02-17,198022,1937794,2135816,10,0.9073,1,277.8355,281.2334
2026-02-18,297997,1866754,2164751,10,0.8623,1,280.9991,284.5877
2026-02-19,297997,1892483,2190480,10,0.864,1,284.4439,286.1211
2026-02-20,297997,1888526,2186523,10,0.8637,1,281.2803,283.1022
2026-02-24,243031,1920850,2163881,10,0.8877,1,281.9833,285.3065
2026-02-25,243031,1938267,2181298,10,0.8886,1,284.3736,291.8234
2026-02-26,243031,1957580,2200611,10,0.8896,1,286.6936,292.7817
2026-02-27,243031,2011070,2254101,10,0.8922,1,290.4196,292.8776
2026-03-02,243031,2015599,2258630,10,0.8924,1,287.8184,288.9003
2026-03-03,243031,1945024,2188055,10,0.8889,1,278.3276,280.0834
2026-03-04,243031,1836440,2079471,10,0.8831,1,268.4149,270.1642
2026-03-05,666878,1465654,2132532,9,0.6873,1,273.1252,275.2436
2026-03-06,292854,1842270,2135124,10,0.8628,1,274.3907,277.1124
2026-03-09,292854,1759365,2052219,10,0.8573,1,263.9155,262.5931
2026-03-10,643368,1460868,2104236,8,0.6943,1,270.4538,270.0205
2026-03-11,273608,1856692,2130300,10,0.8716,1,272.9846,273.3748
2026-03-12,273608,1841972,2115580,10,0.8707,1,269.1883,271.1705
2026-03-13,273608,1852233,2125841,10,0.8713,1,267.7822,267.6246
2026-03-16,273608,1852878,2126486,10,0.8713,1,266.4465,267.1933
2026-03-17,273608,1877252,2150860,10,0.8728,1,267.7822,267.385
2026-03-18,273608,1931499,2205107,10,0.8759,1,274.6719,275.2915
2026-03-19,273608,1865423,2139031,10,0.8721,1,266.5168,265.5641
2026-03-23,273608,1790904,2064512,10,0.8675,1,257.2368,256.5075
2026-03-24,244798,1858239,2103037,10,0.8836,1,263.1423,260.4368
2026-03-25,156390,1986634,2143025,10,0.927,1,269.6804,267.6725
2026-03-26,156390,2013037,2169427,10,0.9279,1,268.9773,266.6662
2026-03-27,156390,2046555,2202945,10,0.929,1,269.0476,265.8516
2026-03-30,156390,2020050,2176440,10,0.9281,1,264.6187,260.2451
2026-03-31,156390,1971273,2127664,10,0.9265,1,261.1034,256.2679
2026-04-01,156390,2061156,2217547,10,0.9295,1,273.6173,269.4934
2026-04-02,156390,2042210,2198601,10,0.9289,1,269.2586,263.264
2026-04-03,156390,2064539,2220929,10,0.9296,1,271.7894,266.3787
2026-04-06,156390,2058094,2214485,10,0.9294,1,271.9301,267.8641
2026-04-07,156390,2059944,2216335,10,0.9294,1,272.6331,268.1037
2026-04-08,156390,2059482,2215873,10,0.9294,1,281.4912,282.5272
2026-04-09,153056,2049596,2202652,10,0.9305,1,278.89,280.3229
2026-04-10,153056,2018824,2171880,10,0.9295,1,278.7494,285.2106
2026-04-13,153056,2003059,2156115,10,0.929,1,277.5542,283.4856
2026-04-14,409496,1759089,2168585,10,0.8112,1,279.9446,289.8108
2026-04-15,524574,1633626,2158200,10,0.7569,1,280.9288,291.6317
2026-04-16,566465,1614888,2181353,10,0.7403,1,284.3033,298.9632
2026-04-17,566465,1571674,2138139,10,0.7351,1,280.5773,294.0276
2026-04-20,643380,1510222,2153602,10,0.7013,1,281.6318,294.8422
2026-04-21,643380,1513439,2156819,10,0.7017,1,280.8585,297.4298
2026-04-22,536636,1610298,2146934,10,0.75,1,279.0306,298.6278
2026-04-23,536636,1580282,2116917,10,0.7465,1,276.7106,296.4715
2026-04-24,536636,1595338,2131974,10,0.7483,1,276.7809,298.9632
2026-04-27,536636,1615146,2151782,10,0.7506,1,278.3276,303.803
2026-04-28,501463,1648553,2150016,10,0.7668,1,281.21,300.2091
2026-04-30,501463,1629748,2131212,10,0.7647,1,277.0622,297.0465
2026-05-01,374794,1753153,2127946,10,0.8239,1,277.4136,298.1965
2026-05-07,374794,1818105,2192898,10,0.8291,1,286.2718,315.6868
2026-05-08,207295,1983974,2191269,10,0.9054,1,285.3578,314.345
2026-05-11,207295,2002834,2210129,10,0.9062,1,286.2015,313.2429
2026-05-12,207295,2043115,2250411,10,0.9079,1,288.4512,314.2971
2026-05-13,207295,2027089,2234384,10,0.9072,1,292.2475,317.2202
2026-05-14,207295,2009625,2216920,10,0.9065,1,289.0839,314.393
2026-05-15,181795,1978202,2159997,10,0.9158,1,288.1699,308.0198
2026-05-18,379770,1746648,2126418,8,0.8214,1,285.3578,305.4322
2026-05-19,246734,1881810,2128544,10,0.8841,1,287.0451,304.1384
2026-05-20,212453,1892960,2105413,10,0.8991,1,282.7567,300.5445
2026-05-21,212453,1960638,2173091,10,0.9022,1,287.3966,309.2178
2026-05-22,212453,1990532,2202985,10,0.9036,1,289.9275,317.2681
2026-05-25,212453,2035232,2247685,10,0.9055,1,293.8644,327.4268
2026-05-26,293243,1980668,2273911,10,0.871,1,293.4426,325.6538
2026-05-27,293243,1943204,2236448,10,0.8689,1,292.1772,326.4205
2026-05-28,293243,1944089,2237332,10,0.8689,1,290.7009,324.1204
2026-05-29,293243,2013994,2307237,10,0.8729,1,293.7941,332.1228
2026-06-01,293243,2008195,2301438,10,0.8726,1,293.513,335.525
2026-06-02,293243,2011606,2304849,10,0.8728,1,292.3178,334.6146
2026-06-03,293243,2085590,2378834,10,0.8767,1,297.942,343.0003
2026-06-04,293243,2035782,2329026,10,0.8741,1,294.2862,338.1605
2026-06-05,293243,2018125,2311368,10,0.8731,1,294.2862,333.9916
2026-06-08,293243,1931297,2224540,10,0.8682,1,287.3966,321.1974
2026-06-09,329927,1983182,2313109,10,0.8574,1,290.4899,327.7622
2026-06-10,329927,1915418,2245345,10,0.8531,1,286.6936,322.3474
2026-06-11,292748,1942726,2235474,10,0.869,1,285.6391,322.0599
2026-06-12,292748,1979514,2272262,10,0.8712,1,289.7869,331.0686
2026-06-15,366055,1987175,2353231,10,0.8444,1,298.4341,347.9838
2026-06-16,366055,1986373,2352428,10,0.8444,1,297.4499,347.7442
2026-06-17,366055,2015006,2381061,10,0.8463,1,299.1372,350.7151
2026-06-18,366055,2064481,2430537,10,0.8494,1,303.9177,356.4175
2026-06-19,366055,2060080,2426135,10,0.8491,1,302.0898,357.6154
2026-06-22,366055,2089861,2455916,10,0.8509,1,305.4643,364.0365
2026-06-23,366055,2031486,2397541,10,0.8473,1,297.239,350.5235
2026-06-24,366055,2016171,2382226,10,0.8463,1,295.2002,347.2171
2026-06-25,366055,2085534,2451589,10,0.8507,1,299.4183,362.8864
2026-06-26,366055,2045708,2411763,10,0.8482,1,295.5517,347.6963
2026-06-29,366055,2031500,2397555,10,0.8473,1,296.4656,348.8463
2026-06-30,366055,2046842,2412897,10,0.8483,1,297.8014,352.2485
2026-07-01,366055,2080822,2446877,10,0.8504,1,299.348,353.159
2026-07-02,366055,2038307,2404362,10,0.8478,1,299.7699,345.0129
2026-07-03,290882,2164031,2454913,10,0.8815,1,303.4959,350.4755
2026-07-06,290882,2176053,2466935,10,0.8821,1,306.097,349.7089
2026-07-07,290882,2138323,2429205,10,0.8803,1,303.5662,340.5085
2026-07-08,290882,2119473,2410355,10,0.8793,1,299.8401,337.5614
2026-07-09,290882,2145129,2436011,10,0.8806,1,294.6378,340.6636
2026-07-10,290882,2146060,2436942,10,0.8806,1,302.448,344.7353
2026-07-13,290882,2118264,2409146,10,0.8793,1,299.3669,336.9313
2026-07-14,290882,2103905,2394787,10,0.8785,1,301.8747,339.5488
2026-07-15,239727,2196162,2435889,10,0.9016,1,304.9558,344.8323
2026-07-16,239727,2154016,2393744,10,0.8999,1,300.7283,335.574
2026-07-17,239727,2044334,2284062,10,0.895,1,292.2732,324.5708
2026-07-21,863092,1473420,2336512,7,0.6306,1,299.7251,331.7932
2026-07-22,23203,2349761,2372964,10,0.9902,1,301.1582,331.1146
2026-07-23,23203,2370966,2394170,10,0.9903,1,302.448,333.005
2026-07-24,23203,2368528,2391731,10,0.9903,1,299.1519,324.183
2026-07-27,23203,2387954,2411157,10,0.9904,1,304.0243,326.1219
2026-07-28,23203,2315040,2338244,10,0.9901,1,295.8559,312.9859
2026-07-29,23203,2327819,2351022,10,0.9901,1,297.2889,308.6719
2026-07-30,23203,2280502,2303705,10,0.9899,1,295.7126,310.6108
2026-07-31,279803,2040023,2319826,10,0.8794,1,298.937,322.6319
2026-08-03,239966,2040658,2280624,10,0.8948,1,295.0677,319.1904
2026-08-04,354543,1925876,2280419,9,0.8445,1,295.4976,320.3537
2026-08-05,541398,1775497,2316895,9,0.7663,1,301.8747,332.2779
2026-08-06,403503,1931139,2334642,10,0.8272,1,303.5944,329.5635
2026-08-07,403503,1936712,2340215,10,0.8276,1,304.5976,329.4181
2026-08-10,403503,1944034,2347538,10,0.8281,1,306.3889,336.0103
2026-08-12,403503,1950788,2354292,10,0.8286,1,309.47,339.0156
2026-08-13,403503,1974230,2377734,10,0.8303,1,311.9778,342.8449
2026-08-14,403503,1972104,2375607,10,0.8301,1,313.6975,344.6384
2026-08-17,403503,1970842,2374345,10,0.8301,1,312.3361,347.1589
2026-08-18,403503,1960258,2363761,10,0.8293,1,308.8251,338.24
2026-08-19,403503,1891573,2295076,10,0.8242,1,299.0803,328.0608
2026-08-20,426507,1892027,2318534,10,0.816,1,302.9495,332.2779
2026-08-21,426507,1913034,2339541,10,0.8177,1,303.881,331.2115
2026-08-24,426507,1930832,2357339,10,0.8191,1,304.3109,328.7394
2026-08-25,426507,1933054,2359562,10,0.8192,1,305.744,330.6783
2026-08-26,426507,1937644,2364151,10,0.8196,1,306.8188,332.3749
2026-08-27,426507,1935531,2362038,10,0.8194,1,307.6786,331.5993
2026-08-28,426507,1948443,2374950,10,0.8204,1,309.5416,332.8111
2026-08-31,426507,1945833,2372340,10,0.8202,1,310.6164,332.6657
2026-09-01,426507,1978750,2405257,10,0.8227,1,312.1928,331.9386
2026-09-02,426507,1906254,2332762,10,0.8172,1,304.1676,322.438
2026-09-03,341407,2012156,2353564,10,0.8549,1,306.1023,322.2441
2026-09-04,190660,2141866,2332526,10,0.9183,1,306.3172,326.3643
