date,cash,positions_value,nav,n_positions,exposure,regime,1306.T,1321.T,flow,core_value
2026-09-04,1000000,0,1000000,0,0.0,1,100.0,100.0,0,0
2026-09-07,1010,994322,995332,9,0.999,1,100.6082,102.0348,0,0
2026-09-08,1010,982062,983071,9,0.999,1,98.7602,100.2673,0,0
2026-09-09,1010,971912,972922,9,0.999,1,98.5731,100.0297,0,0
2026-09-10,1010,984482,985492,9,0.999,1,98.8772,100.2525,0,0
2026-09-11,1010,989254,990264,9,0.999,1,98.1754,98.396,0,0
2026-09-14,1010,1002025,1003035,9,0.999,1,99.0175,97.8167,0,0
2026-09-15,1010,981612,982622,9,0.999,1,98.5497,97.787,0,0
2026-09-16,1010,986844,987853,9,0.999,1,99.1579,98.292,0,0
2026-09-17,1010,992894,993904,9,0.999,1,99.9766,98.693,0,0
2026-09-18,1010,981958,982968,9,0.999,1,99.7193,100.0891,0,0
2026-09-24,4862,1458562,1463424,9,0.9967,1,99.3684,100.7872,500000,492768
2026-09-25,116028,1379522,1495550,8,0.9224,1,100.655,102.0793,0,499148
2026-09-28,2718,1425942,1428660,10,0.9981,1,100.1637,101.307,0,496712
2026-09-29,122869,1351885,1474755,9,0.9167,1,99.5088,101.1436,0,493464
2026-09-30,39038,1457230,1496268,10,0.9739,1,100.9357,103.4012,0,500540
2026-10-01,39038,1462697,1501735,10,0.974,1,101.614,106.6538,0,503904
2026-10-02,39038,1443044,1482082,10,0.9737,1,100.6316,105.5102,0,499032
2026-10-05,39038,1464374,1503412,10,0.974,1,102.0585,1.0811,0,506108
2026-10-06,39038,1482672,1521710,10,0.9743,1,103.0175,1.0918,0,510864
2026-10-07,39038,1458275,1497313,10,0.9739,1,102.2222,1.0838,0,506920
2026-10-08,110826,1354474,1465300,10,0.9244,1,100.4678,106.8617,0,498220
2026-10-09,117965,1347033,1464998,10,0.9195,1,101.1696,106.7281,0,501700
